,fecha_opreal,hora_opreal,active_plants_eolica,active_plants_geotermica,active_plants_hidraulica,active_plants_solar,active_plants_termica,percentage_active_eolica,percentage_active_geotermica,percentage_active_hidraulica,percentage_active_solar,percentage_active_termica,total_plants_eolica,total_plants_geotermica,total_plants_hidraulica,total_plants_solar,total_plants_termica
0,2021-02-01,1,34.0,0.0,113.0,2.0,42.0,0.7727272727272727,0.0,0.6932515337423313,0.008,0.22950819672131148,44.0,0.0,163.0,250.0,183.0
1,2021-02-01,2,33.0,0.0,113.0,2.0,40.0,0.75,0.0,0.6932515337423313,0.008,0.2185792349726776,44.0,0.0,163.0,250.0,183.0
2,2021-02-01,3,34.0,0.0,114.0,2.0,41.0,0.7727272727272727,0.0,0.6993865030674846,0.008,0.22404371584699453,44.0,0.0,163.0,250.0,183.0
3,2021-02-01,4,34.0,0.0,110.0,2.0,38.0,0.7727272727272727,0.0,0.6748466257668712,0.008,0.20765027322404372,44.0,0.0,163.0,250.0,183.0
4,2021-02-01,5,34.0,0.0,110.0,2.0,36.0,0.7727272727272727,0.0,0.6748466257668712,0.008,0.19672131147540983,44.0,0.0,163.0,250.0,183.0
5,2021-02-01,6,34.0,0.0,111.0,3.0,36.0,0.7727272727272727,0.0,0.6809815950920245,0.012,0.19672131147540983,44.0,0.0,163.0,250.0,183.0
6,2021-02-01,7,34.0,0.0,112.0,7.0,40.0,0.7727272727272727,0.0,0.6871165644171779,0.028,0.2185792349726776,44.0,0.0,163.0,250.0,183.0
7,2021-02-01,8,34.0,0.0,111.0,202.0,39.0,0.7727272727272727,0.0,0.6809815950920245,0.808,0.21311475409836064,44.0,0.0,163.0,250.0,183.0
8,2021-02-01,9,34.0,0.0,114.0,219.0,41.0,0.7727272727272727,0.0,0.6993865030674846,0.876,0.22404371584699453,44.0,0.0,163.0,250.0,183.0
9,2021-02-01,10,34.0,0.0,111.0,224.0,43.0,0.7727272727272727,0.0,0.6809815950920245,0.896,0.23497267759562843,44.0,0.0,163.0,250.0,183.0
10,2021-02-01,11,35.0,0.0,115.0,227.0,45.0,0.7954545454545454,0.0,0.7055214723926381,0.908,0.2459016393442623,44.0,0.0,163.0,250.0,183.0
11,2021-02-01,12,35.0,0.0,114.0,227.0,47.0,0.7954545454545454,0.0,0.6993865030674846,0.908,0.2568306010928962,44.0,0.0,163.0,250.0,183.0
12,2021-02-01,13,38.0,0.0,113.0,228.0,45.0,0.8636363636363636,0.0,0.6932515337423313,0.912,0.2459016393442623,44.0,0.0,163.0,250.0,183.0
13,2021-02-01,14,38.0,0.0,114.0,227.0,44.0,0.8636363636363636,0.0,0.6993865030674846,0.9116465863453815,0.24043715846994534,44.0,0.0,163.0,249.0,183.0
14,2021-02-01,15,39.0,0.0,113.0,227.0,44.0,0.8863636363636364,0.0,0.6932515337423313,0.9116465863453815,0.24043715846994534,44.0,0.0,163.0,249.0,183.0
15,2021-02-01,16,39.0,0.0,113.0,228.0,44.0,0.8863636363636364,0.0,0.6932515337423313,0.9156626506024096,0.24043715846994534,44.0,0.0,163.0,249.0,183.0
16,2021-02-01,17,39.0,0.0,117.0,229.0,48.0,0.8863636363636364,0.0,0.7177914110429447,0.9196787148594378,0.26229508196721313,44.0,0.0,163.0,249.0,183.0
17,2021-02-01,18,39.0,0.0,116.0,229.0,49.0,0.8863636363636364,0.0,0.7116564417177914,0.9196787148594378,0.2677595628415301,44.0,0.0,163.0,249.0,183.0
18,2021-02-01,19,39.0,0.0,117.0,225.0,45.0,0.8863636363636364,0.0,0.7177914110429447,0.9,0.2459016393442623,44.0,0.0,163.0,250.0,183.0
19,2021-02-01,20,39.0,0.0,119.0,222.0,43.0,0.8863636363636364,0.0,0.7300613496932515,0.888,0.23497267759562843,44.0,0.0,163.0,250.0,183.0
20,2021-02-01,21,39.0,0.0,120.0,215.0,45.0,0.8863636363636364,0.0,0.7361963190184049,0.86,0.2459016393442623,44.0,0.0,163.0,250.0,183.0
21,2021-02-01,22,38.0,0.0,120.0,6.0,48.0,0.8636363636363636,0.0,0.7361963190184049,0.024,0.26229508196721313,44.0,0.0,163.0,250.0,183.0
22,2021-02-01,23,36.0,0.0,120.0,2.0,48.0,0.8181818181818182,0.0,0.7361963190184049,0.008,0.26229508196721313,44.0,0.0,163.0,250.0,183.0
23,2021-02-01,24,35.0,0.0,122.0,3.0,47.0,0.7954545454545454,0.0,0.7484662576687117,0.012,0.2568306010928962,44.0,0.0,163.0,250.0,183.0
24,2021-02-02,1,37.0,1.0,121.0,3.0,46.0,0.8409090909090909,1.0,0.7423312883435583,0.011904761904761904,0.24731182795698925,44.0,1.0,163.0,252.0,186.0
25,2021-02-02,2,38.0,1.0,123.0,2.0,42.0,0.8636363636363636,1.0,0.754601226993865,0.007936507936507936,0.22580645161290322,44.0,1.0,163.0,252.0,186.0
26,2021-02-02,3,37.0,0.0,121.0,3.0,37.0,0.8409090909090909,0.0,0.7423312883435583,0.011904761904761904,0.1989247311827957,44.0,1.0,163.0,252.0,186.0
27,2021-02-02,4,34.0,0.0,120.0,2.0,38.0,0.7727272727272727,0.0,0.7361963190184049,0.007936507936507936,0.20430107526881722,44.0,1.0,163.0,252.0,186.0
28,2021-02-02,5,35.0,0.0,118.0,2.0,38.0,0.7954545454545454,0.0,0.7239263803680982,0.007936507936507936,0.20430107526881722,44.0,1.0,163.0,252.0,186.0
29,2021-02-02,6,35.0,0.0,120.0,2.0,38.0,0.7954545454545454,0.0,0.7361963190184049,0.007936507936507936,0.20430107526881722,44.0,1.0,163.0,252.0,186.0
30,2021-02-02,7,35.0,0.0,117.0,9.0,38.0,0.7954545454545454,0.0,0.7177914110429447,0.03571428571428571,0.20430107526881722,44.0,1.0,163.0,252.0,186.0
31,2021-02-02,8,35.0,0.0,118.0,206.0,43.0,0.7954545454545454,0.0,0.7239263803680982,0.8174603174603174,0.23118279569892472,44.0,1.0,163.0,252.0,186.0
32,2021-02-02,9,34.0,0.0,119.0,222.0,47.0,0.7727272727272727,0.0,0.7300613496932515,0.8809523809523809,0.25268817204301075,44.0,1.0,163.0,252.0,186.0
33,2021-02-02,10,32.0,0.0,119.0,223.0,47.0,0.7272727272727273,0.0,0.7300613496932515,0.8884462151394422,0.25268817204301075,44.0,1.0,163.0,251.0,186.0
34,2021-02-02,11,32.0,0.0,117.0,223.0,45.0,0.7272727272727273,0.0,0.7177914110429447,0.8884462151394422,0.24193548387096775,44.0,1.0,163.0,251.0,186.0
35,2021-02-02,12,31.0,0.0,117.0,225.0,47.0,0.7045454545454546,0.0,0.7177914110429447,0.896414342629482,0.25268817204301075,44.0,1.0,163.0,251.0,186.0
36,2021-02-02,13,36.0,1.0,117.0,225.0,48.0,0.8181818181818182,1.0,0.7177914110429447,0.896414342629482,0.25806451612903225,44.0,1.0,163.0,251.0,186.0
37,2021-02-02,14,36.0,1.0,118.0,227.0,51.0,0.8181818181818182,1.0,0.7239263803680982,0.9043824701195219,0.27419354838709675,44.0,1.0,163.0,251.0,186.0
38,2021-02-02,15,36.0,1.0,118.0,227.0,49.0,0.8181818181818182,1.0,0.7239263803680982,0.9043824701195219,0.26344086021505375,44.0,1.0,163.0,251.0,186.0
39,2021-02-02,16,36.0,1.0,120.0,229.0,50.0,0.8181818181818182,1.0,0.7361963190184049,0.9123505976095617,0.26881720430107525,44.0,1.0,163.0,251.0,186.0
40,2021-02-02,17,36.0,1.0,119.0,231.0,48.0,0.8181818181818182,1.0,0.7300613496932515,0.9203187250996016,0.25806451612903225,44.0,1.0,163.0,251.0,186.0
41,2021-02-02,18,36.0,1.0,116.0,231.0,48.0,0.8181818181818182,1.0,0.7116564417177914,0.9203187250996016,0.25806451612903225,44.0,1.0,163.0,251.0,186.0
42,2021-02-02,19,37.0,1.0,118.0,230.0,47.0,0.8409090909090909,1.0,0.7239263803680982,0.9163346613545816,0.25268817204301075,44.0,1.0,163.0,251.0,186.0
43,2021-02-02,20,37.0,1.0,123.0,227.0,50.0,0.8409090909090909,1.0,0.754601226993865,0.9007936507936508,0.26881720430107525,44.0,1.0,163.0,252.0,186.0
44,2021-02-02,21,36.0,1.0,124.0,222.0,53.0,0.8181818181818182,1.0,0.7607361963190185,0.8809523809523809,0.2849462365591398,44.0,1.0,163.0,252.0,186.0
45,2021-02-02,22,36.0,1.0,124.0,13.0,64.0,0.8181818181818182,1.0,0.7607361963190185,0.051587301587301584,0.34408602150537637,44.0,1.0,163.0,252.0,186.0
46,2021-02-02,23,37.0,1.0,123.0,2.0,54.0,0.8409090909090909,1.0,0.754601226993865,0.007936507936507936,0.2903225806451613,44.0,1.0,163.0,252.0,186.0
47,2021-02-02,24,37.0,1.0,123.0,2.0,50.0,0.8409090909090909,1.0,0.754601226993865,0.007936507936507936,0.26881720430107525,44.0,1.0,163.0,252.0,186.0
48,2021-02-03,1,37.0,1.0,123.0,2.0,47.0,0.8604651162790697,1.0,0.754601226993865,0.007936507936507936,0.25405405405405407,43.0,1.0,163.0,252.0,185.0
49,2021-02-03,2,34.0,1.0,122.0,2.0,44.0,0.7906976744186046,1.0,0.7484662576687117,0.007936507936507936,0.23783783783783785,43.0,1.0,163.0,252.0,185.0
50,2021-02-03,3,35.0,1.0,123.0,2.0,45.0,0.813953488372093,1.0,0.754601226993865,0.007936507936507936,0.24324324324324326,43.0,1.0,163.0,252.0,185.0
51,2021-02-03,4,36.0,1.0,121.0,2.0,44.0,0.8372093023255814,1.0,0.7423312883435583,0.007936507936507936,0.23783783783783785,43.0,1.0,163.0,252.0,185.0
52,2021-02-03,5,35.0,1.0,119.0,2.0,43.0,0.813953488372093,1.0,0.7300613496932515,0.007936507936507936,0.23243243243243245,43.0,1.0,163.0,252.0,185.0
53,2021-02-03,6,36.0,1.0,121.0,2.0,42.0,0.8372093023255814,1.0,0.7423312883435583,0.007936507936507936,0.22702702702702704,43.0,1.0,163.0,252.0,185.0
54,2021-02-03,7,36.0,1.0,119.0,6.0,51.0,0.8372093023255814,1.0,0.7300613496932515,0.023809523809523808,0.2756756756756757,43.0,1.0,163.0,252.0,185.0
55,2021-02-03,8,36.0,1.0,118.0,221.0,53.0,0.8372093023255814,1.0,0.7239263803680982,0.876984126984127,0.2864864864864865,43.0,1.0,163.0,252.0,185.0
56,2021-02-03,9,36.0,1.0,117.0,228.0,50.0,0.8372093023255814,1.0,0.7177914110429447,0.9047619047619048,0.2702702702702703,43.0,1.0,163.0,252.0,185.0
57,2021-02-03,10,33.0,1.0,116.0,231.0,47.0,0.7674418604651163,1.0,0.7116564417177914,0.9203187250996016,0.25405405405405407,43.0,1.0,163.0,251.0,185.0
58,2021-02-03,11,33.0,1.0,116.0,232.0,47.0,0.7674418604651163,1.0,0.7116564417177914,0.9243027888446215,0.25405405405405407,43.0,1.0,163.0,251.0,185.0
59,2021-02-03,12,32.0,1.0,113.0,232.0,52.0,0.7441860465116279,1.0,0.6932515337423313,0.9243027888446215,0.2810810810810811,43.0,1.0,163.0,251.0,185.0
60,2021-02-03,13,34.0,1.0,115.0,232.0,51.0,0.7906976744186046,1.0,0.7055214723926381,0.9243027888446215,0.2756756756756757,43.0,1.0,163.0,251.0,185.0
61,2021-02-03,14,33.0,1.0,115.0,232.0,51.0,0.7674418604651163,1.0,0.7055214723926381,0.9243027888446215,0.2756756756756757,43.0,1.0,163.0,251.0,185.0
62,2021-02-03,15,33.0,1.0,113.0,230.0,52.0,0.7674418604651163,1.0,0.6932515337423313,0.9163346613545816,0.2810810810810811,43.0,1.0,163.0,251.0,185.0
63,2021-02-03,16,34.0,1.0,112.0,230.0,54.0,0.7906976744186046,1.0,0.6871165644171779,0.9163346613545816,0.2918918918918919,43.0,1.0,163.0,251.0,185.0
64,2021-02-03,17,33.0,1.0,113.0,232.0,55.0,0.7674418604651163,1.0,0.6932515337423313,0.9243027888446215,0.2972972972972973,43.0,1.0,163.0,251.0,185.0
65,2021-02-03,18,36.0,1.0,111.0,230.0,52.0,0.8372093023255814,1.0,0.6809815950920245,0.9163346613545816,0.2810810810810811,43.0,1.0,163.0,251.0,185.0
66,2021-02-03,19,37.0,1.0,111.0,230.0,52.0,0.8604651162790697,1.0,0.6809815950920245,0.9163346613545816,0.2810810810810811,43.0,1.0,163.0,251.0,185.0
67,2021-02-03,20,37.0,1.0,114.0,227.0,52.0,0.8604651162790697,1.0,0.6993865030674846,0.9007936507936508,0.2810810810810811,43.0,1.0,163.0,252.0,185.0
68,2021-02-03,21,39.0,1.0,115.0,221.0,54.0,0.9069767441860465,1.0,0.7055214723926381,0.876984126984127,0.2918918918918919,43.0,1.0,163.0,252.0,185.0
69,2021-02-03,22,38.0,1.0,118.0,11.0,55.0,0.8837209302325582,1.0,0.7239263803680982,0.04365079365079365,0.2972972972972973,43.0,1.0,163.0,252.0,185.0
70,2021-02-03,23,39.0,1.0,118.0,2.0,52.0,0.9069767441860465,1.0,0.7239263803680982,0.007936507936507936,0.2810810810810811,43.0,1.0,163.0,252.0,185.0
71,2021-02-03,24,35.0,1.0,117.0,2.0,52.0,0.813953488372093,1.0,0.7177914110429447,0.007936507936507936,0.2810810810810811,43.0,1.0,163.0,252.0,185.0
72,2021-02-04,1,37.0,1.0,118.0,2.0,58.0,0.8604651162790697,1.0,0.7195121951219512,0.007936507936507936,0.31016042780748665,43.0,1.0,164.0,252.0,187.0
73,2021-02-04,2,35.0,1.0,115.0,2.0,56.0,0.813953488372093,1.0,0.7012195121951219,0.007936507936507936,0.2994652406417112,43.0,1.0,164.0,252.0,187.0
74,2021-02-04,3,34.0,1.0,116.0,2.0,52.0,0.7906976744186046,1.0,0.7073170731707317,0.007936507936507936,0.27807486631016043,43.0,1.0,164.0,252.0,187.0
75,2021-02-04,4,29.0,1.0,113.0,2.0,44.0,0.6744186046511628,1.0,0.6890243902439024,0.007936507936507936,0.23529411764705882,43.0,1.0,164.0,252.0,187.0
76,2021-02-04,5,26.0,1.0,113.0,2.0,44.0,0.6046511627906976,1.0,0.6890243902439024,0.007936507936507936,0.23529411764705882,43.0,1.0,164.0,252.0,187.0
77,2021-02-04,6,24.0,1.0,115.0,2.0,44.0,0.5581395348837209,1.0,0.7012195121951219,0.007936507936507936,0.23529411764705882,43.0,1.0,164.0,252.0,187.0
78,2021-02-04,7,24.0,1.0,115.0,24.0,47.0,0.5581395348837209,1.0,0.7012195121951219,0.09523809523809523,0.25133689839572193,43.0,1.0,164.0,252.0,187.0
79,2021-02-04,8,23.0,1.0,114.0,219.0,52.0,0.5348837209302325,1.0,0.6951219512195121,0.8690476190476191,0.27807486631016043,43.0,1.0,164.0,252.0,187.0
80,2021-02-04,9,24.0,1.0,115.0,227.0,52.0,0.5581395348837209,1.0,0.7012195121951219,0.9007936507936508,0.27807486631016043,43.0,1.0,164.0,252.0,187.0
81,2021-02-04,10,26.0,1.0,114.0,227.0,53.0,0.6046511627906976,1.0,0.6951219512195121,0.9043824701195219,0.28342245989304815,43.0,1.0,164.0,251.0,187.0
82,2021-02-04,11,26.0,1.0,115.0,228.0,50.0,0.6046511627906976,1.0,0.7012195121951219,0.9083665338645418,0.26737967914438504,43.0,1.0,164.0,251.0,187.0
83,2021-02-04,12,20.0,1.0,115.0,229.0,53.0,0.46511627906976744,1.0,0.7012195121951219,0.9123505976095617,0.28342245989304815,43.0,1.0,164.0,251.0,187.0
84,2021-02-04,13,20.0,1.0,114.0,227.0,55.0,0.46511627906976744,1.0,0.6951219512195121,0.9043824701195219,0.29411764705882354,43.0,1.0,164.0,251.0,187.0
85,2021-02-04,14,28.0,1.0,116.0,226.0,59.0,0.6511627906976745,1.0,0.7073170731707317,0.900398406374502,0.3155080213903743,43.0,1.0,164.0,251.0,187.0
86,2021-02-04,15,33.0,1.0,114.0,226.0,55.0,0.7674418604651163,1.0,0.6951219512195121,0.900398406374502,0.29411764705882354,43.0,1.0,164.0,251.0,187.0
87,2021-02-04,16,34.0,1.0,116.0,226.0,58.0,0.7906976744186046,1.0,0.7073170731707317,0.900398406374502,0.31016042780748665,43.0,1.0,164.0,251.0,187.0
88,2021-02-04,17,32.0,1.0,119.0,227.0,58.0,0.7441860465116279,1.0,0.725609756097561,0.9043824701195219,0.31016042780748665,43.0,1.0,164.0,251.0,187.0
89,2021-02-04,18,32.0,1.0,118.0,230.0,56.0,0.7441860465116279,1.0,0.7195121951219512,0.9163346613545816,0.2994652406417112,43.0,1.0,164.0,251.0,187.0
90,2021-02-04,19,32.0,1.0,117.0,228.0,54.0,0.7441860465116279,1.0,0.7134146341463414,0.9083665338645418,0.2887700534759358,43.0,1.0,164.0,251.0,187.0
91,2021-02-04,20,33.0,1.0,120.0,225.0,50.0,0.7674418604651163,1.0,0.7317073170731707,0.896414342629482,0.26737967914438504,43.0,1.0,164.0,251.0,187.0
92,2021-02-04,21,38.0,1.0,123.0,222.0,50.0,0.8837209302325582,1.0,0.75,0.8809523809523809,0.26737967914438504,43.0,1.0,164.0,252.0,187.0
93,2021-02-04,22,36.0,1.0,124.0,8.0,53.0,0.8372093023255814,1.0,0.7560975609756098,0.031746031746031744,0.28342245989304815,43.0,1.0,164.0,252.0,187.0
94,2021-02-04,23,35.0,1.0,122.0,2.0,51.0,0.813953488372093,1.0,0.7439024390243902,0.007936507936507936,0.2727272727272727,43.0,1.0,164.0,252.0,187.0
95,2021-02-04,24,32.0,1.0,126.0,2.0,50.0,0.7441860465116279,1.0,0.7682926829268293,0.007936507936507936,0.26737967914438504,43.0,1.0,164.0,252.0,187.0
96,2021-02-05,1,33.0,1.0,126.0,2.0,43.0,0.75,1.0,0.7682926829268293,0.007874015748031496,0.23118279569892472,44.0,1.0,164.0,254.0,186.0
97,2021-02-05,2,30.0,1.0,122.0,3.0,38.0,0.6818181818181818,1.0,0.7439024390243902,0.011811023622047244,0.20430107526881722,44.0,1.0,164.0,254.0,186.0
98,2021-02-05,3,26.0,1.0,121.0,2.0,39.0,0.5909090909090909,1.0,0.7378048780487805,0.007874015748031496,0.20967741935483872,44.0,1.0,164.0,254.0,186.0
99,2021-02-05,4,23.0,1.0,118.0,2.0,44.0,0.5227272727272727,1.0,0.7195121951219512,0.007874015748031496,0.23655913978494625,44.0,1.0,164.0,254.0,186.0
100,2021-02-05,5,23.0,1.0,121.0,2.0,48.0,0.5227272727272727,1.0,0.7378048780487805,0.007874015748031496,0.25806451612903225,44.0,1.0,164.0,254.0,186.0
101,2021-02-05,6,23.0,1.0,119.0,2.0,48.0,0.5227272727272727,1.0,0.725609756097561,0.007874015748031496,0.25806451612903225,44.0,1.0,164.0,254.0,186.0
102,2021-02-05,7,24.0,1.0,118.0,5.0,48.0,0.5454545454545454,1.0,0.7195121951219512,0.01968503937007874,0.25806451612903225,44.0,1.0,164.0,254.0,186.0
103,2021-02-05,8,16.0,1.0,118.0,207.0,49.0,0.36363636363636365,1.0,0.7195121951219512,0.8149606299212598,0.26344086021505375,44.0,1.0,164.0,254.0,186.0
104,2021-02-05,9,19.0,1.0,119.0,226.0,51.0,0.4318181818181818,1.0,0.725609756097561,0.889763779527559,0.27419354838709675,44.0,1.0,164.0,254.0,186.0
105,2021-02-05,10,20.0,1.0,118.0,231.0,52.0,0.45454545454545453,1.0,0.7195121951219512,0.9094488188976378,0.27956989247311825,44.0,1.0,164.0,254.0,186.0
106,2021-02-05,11,19.0,1.0,113.0,232.0,51.0,0.4318181818181818,1.0,0.6890243902439024,0.9133858267716536,0.27419354838709675,44.0,1.0,164.0,254.0,186.0
107,2021-02-05,12,22.0,1.0,116.0,232.0,50.0,0.5,1.0,0.7073170731707317,0.9133858267716536,0.26881720430107525,44.0,1.0,164.0,254.0,186.0
108,2021-02-05,13,26.0,1.0,116.0,231.0,49.0,0.5909090909090909,1.0,0.7073170731707317,0.9130434782608695,0.26344086021505375,44.0,1.0,164.0,253.0,186.0
109,2021-02-05,14,27.0,1.0,116.0,231.0,46.0,0.6136363636363636,1.0,0.7073170731707317,0.9094488188976378,0.24731182795698925,44.0,1.0,164.0,254.0,186.0
110,2021-02-05,15,29.0,1.0,116.0,231.0,47.0,0.6590909090909091,1.0,0.7073170731707317,0.9094488188976378,0.25268817204301075,44.0,1.0,164.0,254.0,186.0
111,2021-02-05,16,30.0,1.0,115.0,232.0,47.0,0.6818181818181818,1.0,0.7012195121951219,0.9133858267716536,0.25268817204301075,44.0,1.0,164.0,254.0,186.0
112,2021-02-05,17,35.0,1.0,115.0,231.0,47.0,0.7954545454545454,1.0,0.7012195121951219,0.9094488188976378,0.25268817204301075,44.0,1.0,164.0,254.0,186.0
113,2021-02-05,18,36.0,1.0,116.0,231.0,46.0,0.8181818181818182,1.0,0.7073170731707317,0.9094488188976378,0.24731182795698925,44.0,1.0,164.0,254.0,186.0
114,2021-02-05,19,36.0,1.0,118.0,233.0,46.0,0.8181818181818182,1.0,0.7195121951219512,0.9173228346456693,0.24731182795698925,44.0,1.0,164.0,254.0,186.0
115,2021-02-05,20,35.0,1.0,122.0,231.0,48.0,0.7954545454545454,1.0,0.7439024390243902,0.9058823529411765,0.25806451612903225,44.0,1.0,164.0,255.0,186.0
116,2021-02-05,21,33.0,1.0,124.0,227.0,50.0,0.75,1.0,0.7560975609756098,0.8901960784313725,0.26881720430107525,44.0,1.0,164.0,255.0,186.0
117,2021-02-05,22,35.0,1.0,124.0,5.0,49.0,0.7954545454545454,1.0,0.7560975609756098,0.0196078431372549,0.26344086021505375,44.0,1.0,164.0,255.0,186.0
118,2021-02-05,23,34.0,1.0,124.0,2.0,49.0,0.7727272727272727,1.0,0.7560975609756098,0.00784313725490196,0.26344086021505375,44.0,1.0,164.0,255.0,186.0
119,2021-02-05,24,27.0,1.0,123.0,2.0,47.0,0.6136363636363636,1.0,0.75,0.00784313725490196,0.25268817204301075,44.0,1.0,164.0,255.0,186.0
120,2021-02-06,1,26.0,1.0,122.0,2.0,44.0,0.5909090909090909,1.0,0.7439024390243902,0.00784313725490196,0.2391304347826087,44.0,1.0,164.0,255.0,184.0
121,2021-02-06,2,27.0,1.0,120.0,2.0,43.0,0.6136363636363636,1.0,0.7317073170731707,0.00784313725490196,0.23369565217391305,44.0,1.0,164.0,255.0,184.0
122,2021-02-06,3,28.0,1.0,120.0,3.0,41.0,0.6363636363636364,1.0,0.7317073170731707,0.011764705882352941,0.22282608695652173,44.0,1.0,164.0,255.0,184.0
123,2021-02-06,4,27.0,1.0,118.0,2.0,41.0,0.6136363636363636,1.0,0.7195121951219512,0.00784313725490196,0.22282608695652173,44.0,1.0,164.0,255.0,184.0
124,2021-02-06,5,21.0,1.0,117.0,2.0,39.0,0.4772727272727273,1.0,0.7134146341463414,0.00784313725490196,0.21195652173913043,44.0,1.0,164.0,255.0,184.0
125,2021-02-06,6,17.0,1.0,116.0,3.0,39.0,0.38636363636363635,1.0,0.7073170731707317,0.011764705882352941,0.21195652173913043,44.0,1.0,164.0,255.0,184.0
126,2021-02-06,7,18.0,1.0,107.0,4.0,39.0,0.4090909090909091,1.0,0.6524390243902439,0.01568627450980392,0.21195652173913043,44.0,1.0,164.0,255.0,184.0
127,2021-02-06,8,18.0,1.0,108.0,208.0,40.0,0.4090909090909091,1.0,0.6585365853658537,0.8156862745098039,0.21739130434782608,44.0,1.0,164.0,255.0,184.0
128,2021-02-06,9,17.0,1.0,109.0,228.0,43.0,0.38636363636363635,1.0,0.6646341463414634,0.8941176470588236,0.23369565217391305,44.0,1.0,164.0,255.0,184.0
129,2021-02-06,10,18.0,1.0,108.0,231.0,42.0,0.4090909090909091,1.0,0.6585365853658537,0.9058823529411765,0.22826086956521738,44.0,1.0,164.0,255.0,184.0
130,2021-02-06,11,12.0,1.0,108.0,234.0,42.0,0.2727272727272727,1.0,0.6585365853658537,0.9176470588235294,0.22826086956521738,44.0,1.0,164.0,255.0,184.0
131,2021-02-06,12,9.0,1.0,107.0,233.0,41.0,0.20454545454545456,1.0,0.6524390243902439,0.9137254901960784,0.22282608695652173,44.0,1.0,164.0,255.0,184.0
132,2021-02-06,13,10.0,1.0,107.0,233.0,44.0,0.22727272727272727,1.0,0.6524390243902439,0.9137254901960784,0.2391304347826087,44.0,1.0,164.0,255.0,184.0
133,2021-02-06,14,18.0,1.0,108.0,232.0,45.0,0.4090909090909091,1.0,0.6585365853658537,0.9133858267716536,0.24456521739130435,44.0,1.0,164.0,254.0,184.0
134,2021-02-06,15,26.0,1.0,109.0,233.0,45.0,0.5909090909090909,1.0,0.6646341463414634,0.9137254901960784,0.24456521739130435,44.0,1.0,164.0,255.0,184.0
135,2021-02-06,16,29.0,1.0,110.0,235.0,43.0,0.6590909090909091,1.0,0.6707317073170732,0.9215686274509803,0.23369565217391305,44.0,1.0,164.0,255.0,184.0
136,2021-02-06,17,31.0,1.0,108.0,234.0,43.0,0.7045454545454546,1.0,0.6585365853658537,0.9176470588235294,0.23369565217391305,44.0,1.0,164.0,255.0,184.0
137,2021-02-06,18,33.0,1.0,113.0,235.0,43.0,0.75,1.0,0.6890243902439024,0.9215686274509803,0.23369565217391305,44.0,1.0,164.0,255.0,184.0
138,2021-02-06,19,31.0,1.0,114.0,234.0,42.0,0.7045454545454546,1.0,0.6951219512195121,0.9176470588235294,0.22826086956521738,44.0,1.0,164.0,255.0,184.0
139,2021-02-06,20,31.0,1.0,117.0,231.0,41.0,0.7045454545454546,1.0,0.7134146341463414,0.9058823529411765,0.22282608695652173,44.0,1.0,164.0,255.0,184.0
140,2021-02-06,21,31.0,1.0,123.0,222.0,43.0,0.7045454545454546,1.0,0.75,0.8705882352941177,0.23369565217391305,44.0,1.0,164.0,255.0,184.0
141,2021-02-06,22,32.0,1.0,122.0,5.0,43.0,0.7272727272727273,1.0,0.7439024390243902,0.0196078431372549,0.23369565217391305,44.0,1.0,164.0,255.0,184.0
142,2021-02-06,23,28.0,1.0,124.0,2.0,42.0,0.6363636363636364,1.0,0.7560975609756098,0.00784313725490196,0.22826086956521738,44.0,1.0,164.0,255.0,184.0
143,2021-02-06,24,27.0,1.0,123.0,2.0,41.0,0.6136363636363636,1.0,0.75,0.00784313725490196,0.22282608695652173,44.0,1.0,164.0,255.0,184.0
144,2021-02-07,1,27.0,1.0,124.0,2.0,39.0,0.6136363636363636,1.0,0.7560975609756098,0.00784313725490196,0.21195652173913043,44.0,1.0,164.0,255.0,184.0
145,2021-02-07,2,23.0,1.0,119.0,2.0,39.0,0.5227272727272727,1.0,0.725609756097561,0.00784313725490196,0.21195652173913043,44.0,1.0,164.0,255.0,184.0
146,2021-02-07,3,16.0,1.0,117.0,2.0,39.0,0.36363636363636365,1.0,0.7134146341463414,0.00784313725490196,0.21195652173913043,44.0,1.0,164.0,255.0,184.0
147,2021-02-07,4,16.0,1.0,118.0,2.0,39.0,0.36363636363636365,1.0,0.7195121951219512,0.00784313725490196,0.21195652173913043,44.0,1.0,164.0,255.0,184.0
148,2021-02-07,5,15.0,1.0,113.0,2.0,39.0,0.3409090909090909,1.0,0.6890243902439024,0.00784313725490196,0.21195652173913043,44.0,1.0,164.0,255.0,184.0
149,2021-02-07,6,11.0,1.0,108.0,2.0,39.0,0.25,1.0,0.6585365853658537,0.00784313725490196,0.21195652173913043,44.0,1.0,164.0,255.0,184.0
150,2021-02-07,7,8.0,1.0,107.0,4.0,39.0,0.18181818181818182,1.0,0.6524390243902439,0.01568627450980392,0.21195652173913043,44.0,1.0,164.0,255.0,184.0
151,2021-02-07,8,8.0,1.0,108.0,212.0,40.0,0.18181818181818182,1.0,0.6585365853658537,0.8313725490196079,0.21739130434782608,44.0,1.0,164.0,255.0,184.0
152,2021-02-07,9,10.0,1.0,109.0,229.0,40.0,0.22727272727272727,1.0,0.6646341463414634,0.8980392156862745,0.21739130434782608,44.0,1.0,164.0,255.0,184.0
153,2021-02-07,10,12.0,1.0,107.0,232.0,39.0,0.2727272727272727,1.0,0.6524390243902439,0.9098039215686274,0.21195652173913043,44.0,1.0,164.0,255.0,184.0
154,2021-02-07,11,9.0,1.0,106.0,236.0,41.0,0.20454545454545456,1.0,0.6463414634146342,0.9254901960784314,0.22282608695652173,44.0,1.0,164.0,255.0,184.0
155,2021-02-07,12,6.0,1.0,109.0,236.0,44.0,0.13636363636363635,1.0,0.6646341463414634,0.9254901960784314,0.2391304347826087,44.0,1.0,164.0,255.0,184.0
156,2021-02-07,13,15.0,0.0,110.0,237.0,44.0,0.3409090909090909,0.0,0.6707317073170732,0.9330708661417323,0.2391304347826087,44.0,1.0,164.0,254.0,184.0
157,2021-02-07,14,31.0,0.0,113.0,237.0,43.0,0.7045454545454546,0.0,0.6890243902439024,0.9330708661417323,0.23369565217391305,44.0,1.0,164.0,254.0,184.0
158,2021-02-07,15,32.0,0.0,112.0,236.0,42.0,0.7272727272727273,0.0,0.6829268292682927,0.9291338582677166,0.22826086956521738,44.0,1.0,164.0,254.0,184.0
159,2021-02-07,16,32.0,0.0,110.0,235.0,43.0,0.7272727272727273,0.0,0.6707317073170732,0.9251968503937008,0.23369565217391305,44.0,1.0,164.0,254.0,184.0
160,2021-02-07,17,32.0,0.0,109.0,236.0,42.0,0.7272727272727273,0.0,0.6646341463414634,0.9291338582677166,0.22826086956521738,44.0,1.0,164.0,254.0,184.0
161,2021-02-07,18,31.0,0.0,114.0,237.0,43.0,0.7045454545454546,0.0,0.6951219512195121,0.9330708661417323,0.23369565217391305,44.0,1.0,164.0,254.0,184.0
162,2021-02-07,19,33.0,0.0,117.0,237.0,43.0,0.75,0.0,0.7134146341463414,0.9330708661417323,0.23369565217391305,44.0,1.0,164.0,254.0,184.0
163,2021-02-07,20,34.0,0.0,120.0,235.0,42.0,0.7727272727272727,0.0,0.7317073170731707,0.9215686274509803,0.22826086956521738,44.0,1.0,164.0,255.0,184.0
164,2021-02-07,21,32.0,0.0,119.0,230.0,42.0,0.7272727272727273,0.0,0.725609756097561,0.9019607843137255,0.22826086956521738,44.0,1.0,164.0,255.0,184.0
165,2021-02-07,22,26.0,0.0,122.0,5.0,42.0,0.5909090909090909,0.0,0.7439024390243902,0.0196078431372549,0.22826086956521738,44.0,1.0,164.0,255.0,184.0
166,2021-02-07,23,26.0,1.0,122.0,2.0,42.0,0.5909090909090909,1.0,0.7439024390243902,0.00784313725490196,0.22826086956521738,44.0,1.0,164.0,255.0,184.0
167,2021-02-07,24,28.0,1.0,120.0,2.0,42.0,0.6363636363636364,1.0,0.7317073170731707,0.00784313725490196,0.22826086956521738,44.0,1.0,164.0,255.0,184.0
168,2021-02-08,1,31.0,1.0,121.0,2.0,41.0,0.7045454545454546,1.0,0.7378048780487805,0.00784313725490196,0.22404371584699453,44.0,1.0,164.0,255.0,183.0
169,2021-02-08,2,31.0,1.0,121.0,2.0,41.0,0.7045454545454546,1.0,0.7378048780487805,0.00784313725490196,0.22404371584699453,44.0,1.0,164.0,255.0,183.0
170,2021-02-08,3,30.0,1.0,118.0,3.0,41.0,0.6818181818181818,1.0,0.7195121951219512,0.011764705882352941,0.22404371584699453,44.0,1.0,164.0,255.0,183.0
171,2021-02-08,4,32.0,1.0,119.0,2.0,41.0,0.7272727272727273,1.0,0.725609756097561,0.00784313725490196,0.22404371584699453,44.0,1.0,164.0,255.0,183.0
172,2021-02-08,5,32.0,1.0,117.0,2.0,41.0,0.7272727272727273,1.0,0.7134146341463414,0.00784313725490196,0.22404371584699453,44.0,1.0,164.0,255.0,183.0
173,2021-02-08,6,30.0,1.0,120.0,2.0,41.0,0.6818181818181818,1.0,0.7317073170731707,0.00784313725490196,0.22404371584699453,44.0,1.0,164.0,255.0,183.0
174,2021-02-08,7,29.0,1.0,114.0,4.0,41.0,0.6590909090909091,1.0,0.6951219512195121,0.01568627450980392,0.22404371584699453,44.0,1.0,164.0,255.0,183.0
175,2021-02-08,8,31.0,1.0,116.0,227.0,41.0,0.7045454545454546,1.0,0.7073170731707317,0.8901960784313725,0.22404371584699453,44.0,1.0,164.0,255.0,183.0
176,2021-02-08,9,24.0,1.0,120.0,235.0,42.0,0.5454545454545454,1.0,0.7317073170731707,0.9215686274509803,0.22950819672131148,44.0,1.0,164.0,255.0,183.0
177,2021-02-08,10,21.0,1.0,114.0,236.0,45.0,0.4772727272727273,1.0,0.6951219512195121,0.9254901960784314,0.2459016393442623,44.0,1.0,164.0,255.0,183.0
178,2021-02-08,11,24.0,1.0,112.0,237.0,46.0,0.5454545454545454,1.0,0.6829268292682927,0.9294117647058824,0.25136612021857924,44.0,1.0,164.0,255.0,183.0
179,2021-02-08,12,21.0,1.0,110.0,238.0,46.0,0.4772727272727273,1.0,0.6707317073170732,0.9333333333333333,0.25136612021857924,44.0,1.0,164.0,255.0,183.0
180,2021-02-08,13,22.0,1.0,109.0,238.0,46.0,0.5,1.0,0.6646341463414634,0.9333333333333333,0.25136612021857924,44.0,1.0,164.0,255.0,183.0
181,2021-02-08,14,25.0,1.0,114.0,238.0,48.0,0.5681818181818182,1.0,0.6951219512195121,0.937007874015748,0.26229508196721313,44.0,1.0,164.0,254.0,183.0
182,2021-02-08,15,27.0,1.0,115.0,237.0,45.0,0.6136363636363636,1.0,0.7012195121951219,0.9330708661417323,0.2459016393442623,44.0,1.0,164.0,254.0,183.0
183,2021-02-08,16,27.0,1.0,113.0,237.0,45.0,0.6136363636363636,1.0,0.6890243902439024,0.9330708661417323,0.2459016393442623,44.0,1.0,164.0,254.0,183.0
184,2021-02-08,17,28.0,1.0,114.0,237.0,46.0,0.6363636363636364,1.0,0.6951219512195121,0.9330708661417323,0.25136612021857924,44.0,1.0,164.0,254.0,183.0
185,2021-02-08,18,31.0,1.0,111.0,235.0,45.0,0.7045454545454546,1.0,0.676829268292683,0.9251968503937008,0.2459016393442623,44.0,1.0,164.0,254.0,183.0
186,2021-02-08,19,32.0,1.0,111.0,236.0,46.0,0.7272727272727273,1.0,0.676829268292683,0.9291338582677166,0.25136612021857924,44.0,1.0,164.0,254.0,183.0
187,2021-02-08,20,35.0,1.0,117.0,234.0,45.0,0.7954545454545454,1.0,0.7134146341463414,0.9212598425196851,0.2459016393442623,44.0,1.0,164.0,254.0,183.0
188,2021-02-08,21,36.0,1.0,117.0,230.0,45.0,0.8181818181818182,1.0,0.7134146341463414,0.9019607843137255,0.2459016393442623,44.0,1.0,164.0,255.0,183.0
189,2021-02-08,22,36.0,1.0,120.0,6.0,46.0,0.8181818181818182,1.0,0.7317073170731707,0.023529411764705882,0.25136612021857924,44.0,1.0,164.0,255.0,183.0
190,2021-02-08,23,33.0,1.0,120.0,2.0,46.0,0.75,1.0,0.7317073170731707,0.00784313725490196,0.25136612021857924,44.0,1.0,164.0,255.0,183.0
191,2021-02-08,24,36.0,1.0,120.0,2.0,45.0,0.8181818181818182,1.0,0.7317073170731707,0.00784313725490196,0.2459016393442623,44.0,1.0,164.0,255.0,183.0
192,2021-02-09,1,33.0,1.0,119.0,2.0,43.0,0.75,1.0,0.725609756097561,0.0078125,0.23369565217391305,44.0,1.0,164.0,256.0,184.0
193,2021-02-09,2,31.0,1.0,118.0,2.0,41.0,0.7045454545454546,1.0,0.7195121951219512,0.0078125,0.22282608695652173,44.0,1.0,164.0,256.0,184.0
194,2021-02-09,3,30.0,1.0,118.0,2.0,41.0,0.6818181818181818,1.0,0.7195121951219512,0.0078125,0.22282608695652173,44.0,1.0,164.0,256.0,184.0
195,2021-02-09,4,32.0,1.0,114.0,3.0,38.0,0.7272727272727273,1.0,0.6951219512195121,0.01171875,0.20652173913043478,44.0,1.0,164.0,256.0,184.0
196,2021-02-09,5,31.0,1.0,116.0,3.0,38.0,0.7045454545454546,1.0,0.7073170731707317,0.01171875,0.20652173913043478,44.0,1.0,164.0,256.0,184.0
197,2021-02-09,6,30.0,1.0,117.0,3.0,40.0,0.6818181818181818,1.0,0.7134146341463414,0.01171875,0.21739130434782608,44.0,1.0,164.0,256.0,184.0
198,2021-02-09,7,33.0,1.0,116.0,5.0,40.0,0.75,1.0,0.7073170731707317,0.01953125,0.21739130434782608,44.0,1.0,164.0,256.0,184.0
199,2021-02-09,8,33.0,1.0,119.0,224.0,41.0,0.75,1.0,0.725609756097561,0.875,0.22282608695652173,44.0,1.0,164.0,256.0,184.0
200,2021-02-09,9,29.0,1.0,118.0,232.0,43.0,0.6590909090909091,1.0,0.7195121951219512,0.90625,0.23369565217391305,44.0,1.0,164.0,256.0,184.0
201,2021-02-09,10,26.0,1.0,117.0,236.0,43.0,0.5909090909090909,1.0,0.7134146341463414,0.921875,0.23369565217391305,44.0,1.0,164.0,256.0,184.0
202,2021-02-09,11,29.0,1.0,115.0,236.0,43.0,0.6590909090909091,1.0,0.7012195121951219,0.921875,0.23369565217391305,44.0,1.0,164.0,256.0,184.0
203,2021-02-09,12,34.0,1.0,116.0,236.0,46.0,0.7727272727272727,1.0,0.7073170731707317,0.921875,0.25,44.0,1.0,164.0,256.0,184.0
204,2021-02-09,13,34.0,1.0,117.0,234.0,44.0,0.7727272727272727,1.0,0.7134146341463414,0.9140625,0.2391304347826087,44.0,1.0,164.0,256.0,184.0
205,2021-02-09,14,35.0,1.0,118.0,235.0,42.0,0.7954545454545454,1.0,0.7195121951219512,0.91796875,0.22826086956521738,44.0,1.0,164.0,256.0,184.0
206,2021-02-09,15,35.0,1.0,119.0,235.0,45.0,0.7954545454545454,1.0,0.725609756097561,0.91796875,0.24456521739130435,44.0,1.0,164.0,256.0,184.0
207,2021-02-09,16,34.0,1.0,117.0,235.0,48.0,0.7727272727272727,1.0,0.7134146341463414,0.91796875,0.2608695652173913,44.0,1.0,164.0,256.0,184.0
208,2021-02-09,17,34.0,1.0,116.0,235.0,48.0,0.7727272727272727,1.0,0.7073170731707317,0.91796875,0.2608695652173913,44.0,1.0,164.0,256.0,184.0
209,2021-02-09,18,36.0,1.0,117.0,237.0,47.0,0.8181818181818182,1.0,0.7134146341463414,0.92578125,0.2554347826086957,44.0,1.0,164.0,256.0,184.0
210,2021-02-09,19,36.0,1.0,116.0,236.0,48.0,0.8181818181818182,1.0,0.7073170731707317,0.921875,0.2608695652173913,44.0,1.0,164.0,256.0,184.0
211,2021-02-09,20,36.0,1.0,116.0,234.0,48.0,0.8181818181818182,1.0,0.7073170731707317,0.9140625,0.2608695652173913,44.0,1.0,164.0,256.0,184.0
212,2021-02-09,21,36.0,1.0,116.0,228.0,47.0,0.8181818181818182,1.0,0.7073170731707317,0.890625,0.2554347826086957,44.0,1.0,164.0,256.0,184.0
213,2021-02-09,22,37.0,1.0,118.0,5.0,48.0,0.8409090909090909,1.0,0.7195121951219512,0.01953125,0.2608695652173913,44.0,1.0,164.0,256.0,184.0
214,2021-02-09,23,36.0,1.0,117.0,2.0,46.0,0.8181818181818182,1.0,0.7134146341463414,0.0078125,0.25,44.0,1.0,164.0,256.0,184.0
215,2021-02-09,24,35.0,1.0,116.0,2.0,45.0,0.7954545454545454,1.0,0.7073170731707317,0.0078125,0.24456521739130435,44.0,1.0,164.0,256.0,184.0
216,2021-02-10,1,35.0,1.0,120.0,2.0,44.0,0.7954545454545454,1.0,0.7317073170731707,0.0078125,0.23655913978494625,44.0,1.0,164.0,256.0,186.0
217,2021-02-10,2,34.0,1.0,119.0,2.0,43.0,0.7727272727272727,1.0,0.725609756097561,0.0078125,0.23118279569892472,44.0,1.0,164.0,256.0,186.0
218,2021-02-10,3,32.0,1.0,115.0,2.0,42.0,0.7272727272727273,1.0,0.7012195121951219,0.0078125,0.22580645161290322,44.0,1.0,164.0,256.0,186.0
219,2021-02-10,4,28.0,1.0,113.0,3.0,43.0,0.6363636363636364,1.0,0.6890243902439024,0.01171875,0.23118279569892472,44.0,1.0,164.0,256.0,186.0
220,2021-02-10,5,25.0,1.0,115.0,2.0,42.0,0.5681818181818182,1.0,0.7012195121951219,0.0078125,0.22580645161290322,44.0,1.0,164.0,256.0,186.0
221,2021-02-10,6,20.0,1.0,113.0,2.0,42.0,0.45454545454545453,1.0,0.6890243902439024,0.0078125,0.22580645161290322,44.0,1.0,164.0,256.0,186.0
222,2021-02-10,7,17.0,1.0,114.0,4.0,41.0,0.38636363636363635,1.0,0.6951219512195121,0.015625,0.22043010752688172,44.0,1.0,164.0,256.0,186.0
223,2021-02-10,8,18.0,1.0,115.0,218.0,42.0,0.4090909090909091,1.0,0.7012195121951219,0.8515625,0.22580645161290322,44.0,1.0,164.0,256.0,186.0
224,2021-02-10,9,18.0,1.0,114.0,233.0,45.0,0.4090909090909091,1.0,0.6951219512195121,0.91015625,0.24193548387096775,44.0,1.0,164.0,256.0,186.0
225,2021-02-10,10,14.0,1.0,112.0,234.0,47.0,0.3181818181818182,1.0,0.6829268292682927,0.9140625,0.25268817204301075,44.0,1.0,164.0,256.0,186.0
226,2021-02-10,11,15.0,1.0,112.0,237.0,46.0,0.3409090909090909,1.0,0.6829268292682927,0.92578125,0.24731182795698925,44.0,1.0,164.0,256.0,186.0
227,2021-02-10,12,18.0,1.0,113.0,237.0,46.0,0.4090909090909091,1.0,0.6890243902439024,0.92578125,0.24731182795698925,44.0,1.0,164.0,256.0,186.0
228,2021-02-10,13,25.0,1.0,111.0,237.0,44.0,0.5681818181818182,1.0,0.676829268292683,0.92578125,0.23655913978494625,44.0,1.0,164.0,256.0,186.0
229,2021-02-10,14,28.0,1.0,113.0,236.0,47.0,0.6363636363636364,1.0,0.6890243902439024,0.921875,0.25268817204301075,44.0,1.0,164.0,256.0,186.0
230,2021-02-10,15,33.0,1.0,113.0,236.0,46.0,0.75,1.0,0.6890243902439024,0.921875,0.24731182795698925,44.0,1.0,164.0,256.0,186.0
231,2021-02-10,16,33.0,1.0,112.0,235.0,49.0,0.75,1.0,0.6829268292682927,0.91796875,0.26344086021505375,44.0,1.0,164.0,256.0,186.0
232,2021-02-10,17,36.0,1.0,113.0,236.0,51.0,0.8181818181818182,1.0,0.6890243902439024,0.921875,0.27419354838709675,44.0,1.0,164.0,256.0,186.0
233,2021-02-10,18,33.0,1.0,115.0,237.0,51.0,0.75,1.0,0.7012195121951219,0.92578125,0.27419354838709675,44.0,1.0,164.0,256.0,186.0
234,2021-02-10,19,31.0,1.0,118.0,235.0,50.0,0.7045454545454546,1.0,0.7195121951219512,0.91796875,0.26881720430107525,44.0,1.0,164.0,256.0,186.0
235,2021-02-10,20,29.0,1.0,118.0,232.0,51.0,0.6590909090909091,1.0,0.7195121951219512,0.90625,0.27419354838709675,44.0,1.0,164.0,256.0,186.0
236,2021-02-10,21,30.0,1.0,121.0,226.0,61.0,0.6818181818181818,1.0,0.7378048780487805,0.8828125,0.3279569892473118,44.0,1.0,164.0,256.0,186.0
237,2021-02-10,22,32.0,1.0,122.0,6.0,59.0,0.7272727272727273,1.0,0.7439024390243902,0.0234375,0.3172043010752688,44.0,1.0,164.0,256.0,186.0
238,2021-02-10,23,33.0,1.0,121.0,3.0,59.0,0.75,1.0,0.7378048780487805,0.01171875,0.3172043010752688,44.0,1.0,164.0,256.0,186.0
239,2021-02-10,24,31.0,1.0,120.0,3.0,56.0,0.7045454545454546,1.0,0.7317073170731707,0.01171875,0.3010752688172043,44.0,1.0,164.0,256.0,186.0
240,2021-02-11,1,19.0,1.0,121.0,4.0,53.0,0.4318181818181818,1.0,0.7378048780487805,0.01556420233463035,0.2864864864864865,44.0,1.0,164.0,257.0,185.0
241,2021-02-11,2,20.0,1.0,120.0,4.0,51.0,0.45454545454545453,1.0,0.7317073170731707,0.01556420233463035,0.2756756756756757,44.0,1.0,164.0,257.0,185.0
242,2021-02-11,3,23.0,1.0,121.0,3.0,52.0,0.5227272727272727,1.0,0.7378048780487805,0.011673151750972763,0.2810810810810811,44.0,1.0,164.0,257.0,185.0
243,2021-02-11,4,19.0,1.0,117.0,3.0,50.0,0.4318181818181818,1.0,0.7134146341463414,0.011673151750972763,0.2702702702702703,44.0,1.0,164.0,257.0,185.0
244,2021-02-11,5,22.0,1.0,116.0,3.0,50.0,0.5,1.0,0.7073170731707317,0.011673151750972763,0.2702702702702703,44.0,1.0,164.0,257.0,185.0
245,2021-02-11,6,18.0,1.0,119.0,3.0,51.0,0.4090909090909091,1.0,0.725609756097561,0.011673151750972763,0.2756756756756757,44.0,1.0,164.0,257.0,185.0
246,2021-02-11,7,20.0,1.0,115.0,5.0,51.0,0.45454545454545453,1.0,0.7012195121951219,0.019455252918287938,0.2756756756756757,44.0,1.0,164.0,257.0,185.0
247,2021-02-11,8,21.0,1.0,118.0,209.0,53.0,0.4772727272727273,1.0,0.7195121951219512,0.8132295719844358,0.2864864864864865,44.0,1.0,164.0,257.0,185.0
248,2021-02-11,9,24.0,1.0,118.0,234.0,54.0,0.5454545454545454,1.0,0.7195121951219512,0.9105058365758755,0.2918918918918919,44.0,1.0,164.0,257.0,185.0
249,2021-02-11,10,28.0,1.0,117.0,235.0,53.0,0.6363636363636364,1.0,0.7134146341463414,0.914396887159533,0.2864864864864865,44.0,1.0,164.0,257.0,185.0
250,2021-02-11,11,27.0,1.0,117.0,236.0,54.0,0.6136363636363636,1.0,0.7134146341463414,0.9182879377431906,0.2918918918918919,44.0,1.0,164.0,257.0,185.0
251,2021-02-11,12,26.0,1.0,118.0,235.0,48.0,0.5909090909090909,1.0,0.7195121951219512,0.914396887159533,0.2594594594594595,44.0,1.0,164.0,257.0,185.0
252,2021-02-11,13,29.0,1.0,120.0,234.0,48.0,0.6590909090909091,1.0,0.7317073170731707,0.9105058365758755,0.2594594594594595,44.0,1.0,164.0,257.0,185.0
253,2021-02-11,14,29.0,1.0,120.0,234.0,49.0,0.6590909090909091,1.0,0.7317073170731707,0.9105058365758755,0.2648648648648649,44.0,1.0,164.0,257.0,185.0
254,2021-02-11,15,29.0,1.0,115.0,234.0,48.0,0.6590909090909091,1.0,0.7012195121951219,0.9105058365758755,0.2594594594594595,44.0,1.0,164.0,257.0,185.0
255,2021-02-11,16,31.0,1.0,118.0,234.0,50.0,0.7045454545454546,1.0,0.7195121951219512,0.9105058365758755,0.2702702702702703,44.0,1.0,164.0,257.0,185.0
256,2021-02-11,17,30.0,1.0,118.0,234.0,48.0,0.6818181818181818,1.0,0.7195121951219512,0.9105058365758755,0.2594594594594595,44.0,1.0,164.0,257.0,185.0
257,2021-02-11,18,30.0,1.0,121.0,234.0,47.0,0.6818181818181818,1.0,0.7378048780487805,0.9105058365758755,0.25405405405405407,44.0,1.0,164.0,257.0,185.0
258,2021-02-11,19,35.0,1.0,119.0,234.0,46.0,0.7954545454545454,1.0,0.725609756097561,0.9105058365758755,0.24864864864864866,44.0,1.0,164.0,257.0,185.0
259,2021-02-11,20,38.0,1.0,123.0,230.0,50.0,0.8636363636363636,1.0,0.75,0.8949416342412452,0.2702702702702703,44.0,1.0,164.0,257.0,185.0
260,2021-02-11,21,39.0,1.0,125.0,219.0,59.0,0.8863636363636364,1.0,0.7621951219512195,0.8521400778210116,0.31891891891891894,44.0,1.0,164.0,257.0,185.0
261,2021-02-11,22,39.0,1.0,127.0,5.0,57.0,0.8863636363636364,1.0,0.774390243902439,0.019455252918287938,0.3081081081081081,44.0,1.0,164.0,257.0,185.0
262,2021-02-11,23,37.0,1.0,123.0,2.0,54.0,0.8409090909090909,1.0,0.75,0.007782101167315175,0.2918918918918919,44.0,1.0,164.0,257.0,185.0
263,2021-02-11,24,37.0,1.0,123.0,2.0,51.0,0.8409090909090909,1.0,0.75,0.007782101167315175,0.2756756756756757,44.0,1.0,164.0,257.0,185.0
264,2021-02-12,1,36.0,1.0,124.0,2.0,49.0,0.8181818181818182,1.0,0.7560975609756098,0.007751937984496124,0.26344086021505375,44.0,1.0,164.0,258.0,186.0
265,2021-02-12,2,33.0,1.0,124.0,2.0,46.0,0.75,1.0,0.7560975609756098,0.007751937984496124,0.24731182795698925,44.0,1.0,164.0,258.0,186.0
266,2021-02-12,3,35.0,1.0,123.0,2.0,45.0,0.7954545454545454,1.0,0.75,0.007751937984496124,0.24193548387096775,44.0,1.0,164.0,258.0,186.0
267,2021-02-12,4,37.0,1.0,122.0,2.0,46.0,0.8409090909090909,1.0,0.7439024390243902,0.007751937984496124,0.24731182795698925,44.0,1.0,164.0,258.0,186.0
268,2021-02-12,5,33.0,1.0,120.0,2.0,46.0,0.75,1.0,0.7317073170731707,0.007751937984496124,0.24731182795698925,44.0,1.0,164.0,258.0,186.0
269,2021-02-12,6,33.0,1.0,123.0,2.0,44.0,0.75,1.0,0.75,0.007751937984496124,0.23655913978494625,44.0,1.0,164.0,258.0,186.0
270,2021-02-12,7,30.0,1.0,120.0,6.0,46.0,0.6818181818181818,1.0,0.7317073170731707,0.023255813953488372,0.24731182795698925,44.0,1.0,164.0,258.0,186.0
271,2021-02-12,8,29.0,1.0,122.0,200.0,47.0,0.6590909090909091,1.0,0.7439024390243902,0.7751937984496124,0.25268817204301075,44.0,1.0,164.0,258.0,186.0
272,2021-02-12,9,28.0,1.0,122.0,232.0,53.0,0.6363636363636364,1.0,0.7439024390243902,0.8992248062015504,0.2849462365591398,44.0,1.0,164.0,258.0,186.0
273,2021-02-12,10,28.0,1.0,120.0,232.0,50.0,0.6363636363636364,1.0,0.7317073170731707,0.8992248062015504,0.26881720430107525,44.0,1.0,164.0,258.0,186.0
274,2021-02-12,11,27.0,1.0,118.0,235.0,48.0,0.6136363636363636,1.0,0.7195121951219512,0.9108527131782945,0.25806451612903225,44.0,1.0,164.0,258.0,186.0
275,2021-02-12,12,33.0,1.0,119.0,236.0,54.0,0.75,1.0,0.725609756097561,0.9147286821705426,0.2903225806451613,44.0,1.0,164.0,258.0,186.0
276,2021-02-12,13,35.0,1.0,124.0,238.0,55.0,0.7954545454545454,1.0,0.7560975609756098,0.9224806201550387,0.2956989247311828,44.0,1.0,164.0,258.0,186.0
277,2021-02-12,14,36.0,1.0,120.0,236.0,56.0,0.8181818181818182,1.0,0.7317073170731707,0.9147286821705426,0.3010752688172043,44.0,1.0,164.0,258.0,186.0
278,2021-02-12,15,36.0,1.0,122.0,239.0,54.0,0.8181818181818182,1.0,0.7439024390243902,0.9263565891472868,0.2903225806451613,44.0,1.0,164.0,258.0,186.0
279,2021-02-12,16,37.0,1.0,124.0,237.0,55.0,0.8409090909090909,1.0,0.7560975609756098,0.9186046511627907,0.2956989247311828,44.0,1.0,164.0,258.0,186.0
280,2021-02-12,17,32.0,1.0,124.0,238.0,59.0,0.7272727272727273,1.0,0.7560975609756098,0.9224806201550387,0.3172043010752688,44.0,1.0,164.0,258.0,186.0
281,2021-02-12,18,33.0,1.0,118.0,238.0,59.0,0.75,1.0,0.7195121951219512,0.9224806201550387,0.3172043010752688,44.0,1.0,164.0,258.0,186.0
282,2021-02-12,19,33.0,1.0,118.0,237.0,56.0,0.75,1.0,0.7195121951219512,0.9186046511627907,0.3010752688172043,44.0,1.0,164.0,258.0,186.0
283,2021-02-12,20,35.0,1.0,120.0,237.0,53.0,0.7954545454545454,1.0,0.7317073170731707,0.9186046511627907,0.2849462365591398,44.0,1.0,164.0,258.0,186.0
284,2021-02-12,21,37.0,1.0,125.0,232.0,53.0,0.8409090909090909,1.0,0.7621951219512195,0.8992248062015504,0.2849462365591398,44.0,1.0,164.0,258.0,186.0
285,2021-02-12,22,36.0,1.0,123.0,5.0,56.0,0.8181818181818182,1.0,0.75,0.01937984496124031,0.3010752688172043,44.0,1.0,164.0,258.0,186.0
286,2021-02-12,23,37.0,1.0,121.0,2.0,55.0,0.8409090909090909,1.0,0.7378048780487805,0.007751937984496124,0.2956989247311828,44.0,1.0,164.0,258.0,186.0
287,2021-02-12,24,36.0,1.0,121.0,2.0,53.0,0.8181818181818182,1.0,0.7378048780487805,0.007751937984496124,0.2849462365591398,44.0,1.0,164.0,258.0,186.0
288,2021-02-13,1,36.0,1.0,121.0,2.0,49.0,0.8181818181818182,1.0,0.7378048780487805,0.007751937984496124,0.266304347826087,44.0,1.0,164.0,258.0,184.0
289,2021-02-13,2,35.0,1.0,120.0,2.0,46.0,0.7954545454545454,1.0,0.7317073170731707,0.007751937984496124,0.25,44.0,1.0,164.0,258.0,184.0
290,2021-02-13,3,32.0,1.0,122.0,2.0,44.0,0.7272727272727273,1.0,0.7439024390243902,0.007751937984496124,0.2391304347826087,44.0,1.0,164.0,258.0,184.0
291,2021-02-13,4,31.0,1.0,122.0,2.0,43.0,0.7045454545454546,1.0,0.7439024390243902,0.007751937984496124,0.23369565217391305,44.0,1.0,164.0,258.0,184.0
292,2021-02-13,5,28.0,1.0,121.0,2.0,43.0,0.6363636363636364,1.0,0.7378048780487805,0.007751937984496124,0.23369565217391305,44.0,1.0,164.0,258.0,184.0
293,2021-02-13,6,27.0,1.0,121.0,2.0,46.0,0.6136363636363636,1.0,0.7378048780487805,0.007751937984496124,0.25,44.0,1.0,164.0,258.0,184.0
294,2021-02-13,7,27.0,1.0,120.0,4.0,45.0,0.6136363636363636,1.0,0.7317073170731707,0.015503875968992248,0.24456521739130435,44.0,1.0,164.0,258.0,184.0
295,2021-02-13,8,27.0,1.0,120.0,205.0,44.0,0.6136363636363636,1.0,0.7317073170731707,0.7945736434108527,0.2391304347826087,44.0,1.0,164.0,258.0,184.0
296,2021-02-13,9,27.0,1.0,119.0,233.0,45.0,0.6136363636363636,1.0,0.725609756097561,0.9031007751937985,0.24456521739130435,44.0,1.0,164.0,258.0,184.0
297,2021-02-13,10,25.0,1.0,120.0,237.0,46.0,0.5681818181818182,1.0,0.7317073170731707,0.9186046511627907,0.25,44.0,1.0,164.0,258.0,184.0
298,2021-02-13,11,25.0,1.0,118.0,238.0,49.0,0.5681818181818182,1.0,0.7195121951219512,0.9224806201550387,0.266304347826087,44.0,1.0,164.0,258.0,184.0
299,2021-02-13,12,25.0,1.0,118.0,238.0,49.0,0.5681818181818182,1.0,0.7195121951219512,0.9224806201550387,0.266304347826087,44.0,1.0,164.0,258.0,184.0
300,2021-02-13,13,32.0,1.0,118.0,231.0,48.0,0.7272727272727273,1.0,0.7195121951219512,0.8953488372093024,0.2608695652173913,44.0,1.0,164.0,258.0,184.0
301,2021-02-13,14,33.0,1.0,120.0,232.0,48.0,0.75,1.0,0.7317073170731707,0.8992248062015504,0.2608695652173913,44.0,1.0,164.0,258.0,184.0
302,2021-02-13,15,33.0,1.0,119.0,233.0,47.0,0.75,1.0,0.725609756097561,0.9031007751937985,0.2554347826086957,44.0,1.0,164.0,258.0,184.0
303,2021-02-13,16,33.0,1.0,120.0,233.0,47.0,0.75,1.0,0.7317073170731707,0.9031007751937985,0.2554347826086957,44.0,1.0,164.0,258.0,184.0
304,2021-02-13,17,33.0,1.0,116.0,238.0,46.0,0.75,1.0,0.7073170731707317,0.9224806201550387,0.25,44.0,1.0,164.0,258.0,184.0
305,2021-02-13,18,36.0,1.0,118.0,239.0,47.0,0.8181818181818182,1.0,0.7195121951219512,0.9263565891472868,0.2554347826086957,44.0,1.0,164.0,258.0,184.0
306,2021-02-13,19,40.0,1.0,118.0,239.0,47.0,0.9090909090909091,1.0,0.7195121951219512,0.9263565891472868,0.2554347826086957,44.0,1.0,164.0,258.0,184.0
307,2021-02-13,20,40.0,1.0,122.0,237.0,45.0,0.9090909090909091,1.0,0.7439024390243902,0.9186046511627907,0.24456521739130435,44.0,1.0,164.0,258.0,184.0
308,2021-02-13,21,40.0,1.0,123.0,232.0,49.0,0.9090909090909091,1.0,0.75,0.8992248062015504,0.266304347826087,44.0,1.0,164.0,258.0,184.0
309,2021-02-13,22,40.0,1.0,123.0,4.0,51.0,0.9090909090909091,1.0,0.75,0.015503875968992248,0.27717391304347827,44.0,1.0,164.0,258.0,184.0
310,2021-02-13,23,39.0,1.0,121.0,2.0,50.0,0.8863636363636364,1.0,0.7378048780487805,0.007751937984496124,0.2717391304347826,44.0,1.0,164.0,258.0,184.0
311,2021-02-13,24,38.0,1.0,123.0,2.0,49.0,0.8636363636363636,1.0,0.75,0.007751937984496124,0.266304347826087,44.0,1.0,164.0,258.0,184.0
312,2021-02-14,1,37.0,1.0,126.0,3.0,47.0,0.8409090909090909,1.0,0.7682926829268293,0.011627906976744186,0.2554347826086957,44.0,1.0,164.0,258.0,184.0
313,2021-02-14,2,36.0,1.0,124.0,2.0,46.0,0.8181818181818182,1.0,0.7560975609756098,0.007751937984496124,0.25,44.0,1.0,164.0,258.0,184.0
314,2021-02-14,3,37.0,1.0,123.0,2.0,42.0,0.8409090909090909,1.0,0.75,0.007751937984496124,0.22826086956521738,44.0,1.0,164.0,258.0,184.0
315,2021-02-14,4,36.0,1.0,121.0,2.0,40.0,0.8181818181818182,1.0,0.7378048780487805,0.007751937984496124,0.21739130434782608,44.0,1.0,164.0,258.0,184.0
316,2021-02-14,5,37.0,1.0,121.0,2.0,39.0,0.8409090909090909,1.0,0.7378048780487805,0.007751937984496124,0.21195652173913043,44.0,1.0,164.0,258.0,184.0
317,2021-02-14,6,37.0,1.0,120.0,2.0,39.0,0.8409090909090909,1.0,0.7317073170731707,0.007751937984496124,0.21195652173913043,44.0,1.0,164.0,258.0,184.0
318,2021-02-14,7,37.0,1.0,121.0,3.0,39.0,0.8409090909090909,1.0,0.7378048780487805,0.011627906976744186,0.21195652173913043,44.0,1.0,164.0,258.0,184.0
319,2021-02-14,8,37.0,1.0,121.0,214.0,40.0,0.8409090909090909,1.0,0.7378048780487805,0.8294573643410853,0.21739130434782608,44.0,1.0,164.0,258.0,184.0
320,2021-02-14,9,37.0,1.0,120.0,230.0,40.0,0.8409090909090909,1.0,0.7317073170731707,0.8914728682170543,0.21739130434782608,44.0,1.0,164.0,258.0,184.0
321,2021-02-14,10,36.0,1.0,122.0,232.0,39.0,0.8181818181818182,1.0,0.7439024390243902,0.8992248062015504,0.21195652173913043,44.0,1.0,164.0,258.0,184.0
322,2021-02-14,11,37.0,1.0,121.0,236.0,37.0,0.8409090909090909,1.0,0.7378048780487805,0.9147286821705426,0.20108695652173914,44.0,1.0,164.0,258.0,184.0
323,2021-02-14,12,36.0,1.0,121.0,234.0,42.0,0.8181818181818182,1.0,0.7378048780487805,0.9069767441860465,0.22826086956521738,44.0,1.0,164.0,258.0,184.0
324,2021-02-14,13,38.0,1.0,123.0,235.0,42.0,0.8636363636363636,1.0,0.75,0.9108527131782945,0.22826086956521738,44.0,1.0,164.0,258.0,184.0
325,2021-02-14,14,38.0,1.0,122.0,235.0,42.0,0.8636363636363636,1.0,0.7439024390243902,0.9108527131782945,0.22826086956521738,44.0,1.0,164.0,258.0,184.0
326,2021-02-14,15,38.0,1.0,121.0,238.0,43.0,0.8636363636363636,1.0,0.7378048780487805,0.9224806201550387,0.23369565217391305,44.0,1.0,164.0,258.0,184.0
327,2021-02-14,16,39.0,1.0,119.0,240.0,43.0,0.8863636363636364,1.0,0.725609756097561,0.9302325581395349,0.23369565217391305,44.0,1.0,164.0,258.0,184.0
328,2021-02-14,17,38.0,1.0,120.0,240.0,42.0,0.8636363636363636,1.0,0.7317073170731707,0.9302325581395349,0.22826086956521738,44.0,1.0,164.0,258.0,184.0
329,2021-02-14,18,39.0,1.0,117.0,240.0,43.0,0.8863636363636364,1.0,0.7134146341463414,0.9302325581395349,0.23369565217391305,44.0,1.0,164.0,258.0,184.0
330,2021-02-14,19,40.0,1.0,120.0,238.0,42.0,0.9090909090909091,1.0,0.7317073170731707,0.9224806201550387,0.22826086956521738,44.0,1.0,164.0,258.0,184.0
331,2021-02-14,20,40.0,1.0,120.0,236.0,42.0,0.9090909090909091,1.0,0.7317073170731707,0.9147286821705426,0.22826086956521738,44.0,1.0,164.0,258.0,184.0
332,2021-02-14,21,40.0,1.0,122.0,227.0,42.0,0.9090909090909091,1.0,0.7439024390243902,0.8798449612403101,0.22826086956521738,44.0,1.0,164.0,258.0,184.0
333,2021-02-14,22,40.0,1.0,120.0,4.0,46.0,0.9090909090909091,1.0,0.7317073170731707,0.015503875968992248,0.25,44.0,1.0,164.0,258.0,184.0
334,2021-02-14,23,40.0,1.0,121.0,2.0,46.0,0.9090909090909091,1.0,0.7378048780487805,0.007751937984496124,0.25,44.0,1.0,164.0,258.0,184.0
335,2021-02-14,24,36.0,1.0,120.0,2.0,44.0,0.8181818181818182,1.0,0.7317073170731707,0.007751937984496124,0.2391304347826087,44.0,1.0,164.0,258.0,184.0
336,2021-02-15,1,38.0,1.0,119.0,3.0,42.0,0.8636363636363636,1.0,0.725609756097561,0.011627906976744186,0.22702702702702704,44.0,1.0,164.0,258.0,185.0
337,2021-02-15,2,35.0,1.0,121.0,2.0,39.0,0.7954545454545454,1.0,0.7378048780487805,0.007751937984496124,0.21081081081081082,44.0,1.0,164.0,258.0,185.0
338,2021-02-15,3,34.0,1.0,121.0,2.0,39.0,0.7727272727272727,1.0,0.7378048780487805,0.007751937984496124,0.21081081081081082,44.0,1.0,164.0,258.0,185.0
339,2021-02-15,4,33.0,1.0,118.0,2.0,40.0,0.75,1.0,0.7195121951219512,0.007751937984496124,0.21621621621621623,44.0,1.0,164.0,258.0,185.0
340,2021-02-15,5,29.0,1.0,115.0,2.0,38.0,0.6590909090909091,1.0,0.7012195121951219,0.007751937984496124,0.20540540540540542,44.0,1.0,164.0,258.0,185.0
341,2021-02-15,6,26.0,1.0,118.0,2.0,39.0,0.5909090909090909,1.0,0.7195121951219512,0.007751937984496124,0.21081081081081082,44.0,1.0,164.0,258.0,185.0
342,2021-02-15,7,25.0,1.0,119.0,4.0,39.0,0.5681818181818182,1.0,0.725609756097561,0.015503875968992248,0.21081081081081082,44.0,1.0,164.0,258.0,185.0
343,2021-02-15,8,24.0,1.0,116.0,204.0,40.0,0.5454545454545454,1.0,0.7073170731707317,0.7906976744186046,0.21621621621621623,44.0,1.0,164.0,258.0,185.0
344,2021-02-15,9,24.0,1.0,117.0,231.0,41.0,0.5454545454545454,1.0,0.7134146341463414,0.8953488372093024,0.22162162162162163,44.0,1.0,164.0,258.0,185.0
345,2021-02-15,10,21.0,1.0,115.0,236.0,43.0,0.4772727272727273,1.0,0.7012195121951219,0.9147286821705426,0.23243243243243245,44.0,1.0,164.0,258.0,185.0
346,2021-02-15,11,25.0,1.0,114.0,236.0,43.0,0.5681818181818182,1.0,0.6951219512195121,0.9147286821705426,0.23243243243243245,44.0,1.0,164.0,258.0,185.0
347,2021-02-15,12,26.0,1.0,115.0,239.0,42.0,0.5909090909090909,1.0,0.7012195121951219,0.9263565891472868,0.22702702702702704,44.0,1.0,164.0,258.0,185.0
348,2021-02-15,13,28.0,1.0,115.0,240.0,45.0,0.6363636363636364,1.0,0.7012195121951219,0.9302325581395349,0.24324324324324326,44.0,1.0,164.0,258.0,185.0
349,2021-02-15,14,28.0,1.0,115.0,239.0,47.0,0.6363636363636364,1.0,0.7012195121951219,0.9263565891472868,0.25405405405405407,44.0,1.0,164.0,258.0,185.0
350,2021-02-15,15,30.0,1.0,114.0,239.0,46.0,0.6818181818181818,1.0,0.6951219512195121,0.9263565891472868,0.24864864864864866,44.0,1.0,164.0,258.0,185.0
351,2021-02-15,16,31.0,1.0,114.0,240.0,48.0,0.7045454545454546,1.0,0.6951219512195121,0.9302325581395349,0.2594594594594595,44.0,1.0,164.0,258.0,185.0
352,2021-02-15,17,33.0,1.0,114.0,240.0,50.0,0.75,1.0,0.6951219512195121,0.9302325581395349,0.2702702702702703,44.0,1.0,164.0,258.0,185.0
353,2021-02-15,18,34.0,1.0,116.0,240.0,50.0,0.7727272727272727,1.0,0.7073170731707317,0.9302325581395349,0.2702702702702703,44.0,1.0,164.0,258.0,185.0
354,2021-02-15,19,32.0,1.0,116.0,237.0,51.0,0.7272727272727273,1.0,0.7073170731707317,0.9186046511627907,0.2756756756756757,44.0,1.0,164.0,258.0,185.0
355,2021-02-15,20,39.0,1.0,119.0,234.0,48.0,0.8863636363636364,1.0,0.725609756097561,0.9069767441860465,0.2594594594594595,44.0,1.0,164.0,258.0,185.0
356,2021-02-15,21,39.0,1.0,121.0,224.0,53.0,0.8863636363636364,1.0,0.7378048780487805,0.8682170542635659,0.2864864864864865,44.0,1.0,164.0,258.0,185.0
357,2021-02-15,22,37.0,1.0,120.0,4.0,50.0,0.8409090909090909,1.0,0.7317073170731707,0.015503875968992248,0.2702702702702703,44.0,1.0,164.0,258.0,185.0
358,2021-02-15,23,37.0,1.0,120.0,2.0,48.0,0.8409090909090909,1.0,0.7317073170731707,0.007751937984496124,0.2594594594594595,44.0,1.0,164.0,258.0,185.0
359,2021-02-15,24,31.0,1.0,118.0,2.0,47.0,0.7045454545454546,1.0,0.7195121951219512,0.007751937984496124,0.25405405405405407,44.0,1.0,164.0,258.0,185.0
360,2021-02-16,1,33.0,1.0,118.0,2.0,47.0,0.75,1.0,0.7195121951219512,0.007751937984496124,0.25405405405405407,44.0,1.0,164.0,258.0,185.0
361,2021-02-16,2,34.0,1.0,118.0,2.0,46.0,0.7727272727272727,1.0,0.7195121951219512,0.007751937984496124,0.24864864864864866,44.0,1.0,164.0,258.0,185.0
362,2021-02-16,3,32.0,1.0,117.0,2.0,47.0,0.7272727272727273,1.0,0.7134146341463414,0.007751937984496124,0.25405405405405407,44.0,1.0,164.0,258.0,185.0
363,2021-02-16,4,33.0,1.0,114.0,2.0,42.0,0.75,1.0,0.6951219512195121,0.007751937984496124,0.22702702702702704,44.0,1.0,164.0,258.0,185.0
364,2021-02-16,5,30.0,1.0,114.0,2.0,42.0,0.6818181818181818,1.0,0.6951219512195121,0.007751937984496124,0.22702702702702704,44.0,1.0,164.0,258.0,185.0
365,2021-02-16,6,30.0,1.0,112.0,2.0,42.0,0.6818181818181818,1.0,0.6829268292682927,0.007751937984496124,0.22702702702702704,44.0,1.0,164.0,258.0,185.0
366,2021-02-16,7,26.0,1.0,113.0,3.0,42.0,0.5909090909090909,1.0,0.6890243902439024,0.011627906976744186,0.22702702702702704,44.0,1.0,164.0,258.0,185.0
367,2021-02-16,8,22.0,1.0,115.0,211.0,42.0,0.5,1.0,0.7012195121951219,0.8178294573643411,0.22702702702702704,44.0,1.0,164.0,258.0,185.0
368,2021-02-16,9,22.0,1.0,117.0,231.0,47.0,0.5,1.0,0.7134146341463414,0.8953488372093024,0.25405405405405407,44.0,1.0,164.0,258.0,185.0
369,2021-02-16,10,23.0,1.0,119.0,234.0,48.0,0.5227272727272727,1.0,0.725609756097561,0.9069767441860465,0.2594594594594595,44.0,1.0,164.0,258.0,185.0
370,2021-02-16,11,21.0,1.0,115.0,237.0,47.0,0.4772727272727273,1.0,0.7012195121951219,0.9186046511627907,0.25405405405405407,44.0,1.0,164.0,258.0,185.0
371,2021-02-16,12,22.0,1.0,115.0,238.0,49.0,0.5,1.0,0.7012195121951219,0.9224806201550387,0.2648648648648649,44.0,1.0,164.0,258.0,185.0
372,2021-02-16,13,27.0,1.0,118.0,238.0,50.0,0.6136363636363636,1.0,0.7195121951219512,0.9224806201550387,0.2702702702702703,44.0,1.0,164.0,258.0,185.0
373,2021-02-16,14,30.0,1.0,117.0,239.0,50.0,0.6818181818181818,1.0,0.7134146341463414,0.9263565891472868,0.2702702702702703,44.0,1.0,164.0,258.0,185.0
374,2021-02-16,15,34.0,1.0,117.0,239.0,50.0,0.7727272727272727,1.0,0.7134146341463414,0.9263565891472868,0.2702702702702703,44.0,1.0,164.0,258.0,185.0
375,2021-02-16,16,35.0,1.0,119.0,237.0,52.0,0.7954545454545454,1.0,0.725609756097561,0.9186046511627907,0.2810810810810811,44.0,1.0,164.0,258.0,185.0
376,2021-02-16,17,37.0,1.0,119.0,238.0,52.0,0.8409090909090909,1.0,0.725609756097561,0.9224806201550387,0.2810810810810811,44.0,1.0,164.0,258.0,185.0
377,2021-02-16,18,38.0,1.0,116.0,239.0,52.0,0.8636363636363636,1.0,0.7073170731707317,0.9263565891472868,0.2810810810810811,44.0,1.0,164.0,258.0,185.0
378,2021-02-16,19,38.0,1.0,117.0,237.0,50.0,0.8636363636363636,1.0,0.7134146341463414,0.9186046511627907,0.2702702702702703,44.0,1.0,164.0,258.0,185.0
379,2021-02-16,20,38.0,1.0,120.0,236.0,54.0,0.8636363636363636,1.0,0.7317073170731707,0.9147286821705426,0.2918918918918919,44.0,1.0,164.0,258.0,185.0
380,2021-02-16,21,38.0,1.0,122.0,223.0,54.0,0.8636363636363636,1.0,0.7439024390243902,0.8643410852713178,0.2918918918918919,44.0,1.0,164.0,258.0,185.0
381,2021-02-16,22,38.0,1.0,121.0,4.0,51.0,0.8636363636363636,1.0,0.7378048780487805,0.015503875968992248,0.2756756756756757,44.0,1.0,164.0,258.0,185.0
382,2021-02-16,23,38.0,1.0,119.0,2.0,50.0,0.8636363636363636,1.0,0.725609756097561,0.007751937984496124,0.2702702702702703,44.0,1.0,164.0,258.0,185.0
383,2021-02-16,24,34.0,1.0,121.0,2.0,49.0,0.7727272727272727,1.0,0.7378048780487805,0.007751937984496124,0.2648648648648649,44.0,1.0,164.0,258.0,185.0
384,2021-02-17,1,34.0,1.0,121.0,3.0,51.0,0.7727272727272727,1.0,0.7378048780487805,0.011627906976744186,0.2698412698412698,44.0,1.0,164.0,258.0,189.0
385,2021-02-17,2,34.0,1.0,119.0,3.0,52.0,0.7727272727272727,1.0,0.725609756097561,0.011627906976744186,0.2751322751322751,44.0,1.0,164.0,258.0,189.0
386,2021-02-17,3,34.0,1.0,117.0,2.0,54.0,0.7727272727272727,1.0,0.7134146341463414,0.007751937984496124,0.2857142857142857,44.0,1.0,164.0,258.0,189.0
387,2021-02-17,4,35.0,1.0,117.0,2.0,51.0,0.7954545454545454,1.0,0.7134146341463414,0.007751937984496124,0.2698412698412698,44.0,1.0,164.0,258.0,189.0
388,2021-02-17,5,35.0,1.0,116.0,2.0,55.0,0.7954545454545454,1.0,0.7073170731707317,0.007751937984496124,0.291005291005291,44.0,1.0,164.0,258.0,189.0
389,2021-02-17,6,33.0,1.0,116.0,2.0,63.0,0.75,1.0,0.7073170731707317,0.007751937984496124,0.3333333333333333,44.0,1.0,164.0,258.0,189.0
390,2021-02-17,7,34.0,1.0,115.0,3.0,64.0,0.7727272727272727,1.0,0.7012195121951219,0.011627906976744186,0.3386243386243386,44.0,1.0,164.0,258.0,189.0
391,2021-02-17,8,34.0,1.0,117.0,225.0,64.0,0.7727272727272727,1.0,0.7134146341463414,0.872093023255814,0.3386243386243386,44.0,1.0,164.0,258.0,189.0
392,2021-02-17,9,34.0,1.0,117.0,237.0,64.0,0.7727272727272727,1.0,0.7134146341463414,0.9186046511627907,0.3386243386243386,44.0,1.0,164.0,258.0,189.0
393,2021-02-17,10,33.0,1.0,116.0,239.0,60.0,0.75,1.0,0.7073170731707317,0.9263565891472868,0.31746031746031744,44.0,1.0,164.0,258.0,189.0
394,2021-02-17,11,33.0,1.0,117.0,240.0,61.0,0.75,1.0,0.7134146341463414,0.9302325581395349,0.32275132275132273,44.0,1.0,164.0,258.0,189.0
395,2021-02-17,12,33.0,1.0,116.0,239.0,61.0,0.75,1.0,0.7073170731707317,0.9263565891472868,0.32275132275132273,44.0,1.0,164.0,258.0,189.0
396,2021-02-17,13,28.0,1.0,116.0,237.0,60.0,0.6363636363636364,1.0,0.7073170731707317,0.9186046511627907,0.31746031746031744,44.0,1.0,164.0,258.0,189.0
397,2021-02-17,14,35.0,1.0,118.0,234.0,60.0,0.7954545454545454,1.0,0.7195121951219512,0.9069767441860465,0.31746031746031744,44.0,1.0,164.0,258.0,189.0
398,2021-02-17,15,37.0,1.0,118.0,235.0,57.0,0.8409090909090909,1.0,0.7195121951219512,0.9108527131782945,0.30158730158730157,44.0,1.0,164.0,258.0,189.0
399,2021-02-17,16,38.0,1.0,119.0,235.0,51.0,0.8636363636363636,1.0,0.725609756097561,0.9108527131782945,0.2698412698412698,44.0,1.0,164.0,258.0,189.0
400,2021-02-17,17,39.0,1.0,117.0,236.0,49.0,0.8863636363636364,1.0,0.7134146341463414,0.9147286821705426,0.25925925925925924,44.0,1.0,164.0,258.0,189.0
401,2021-02-17,18,36.0,1.0,114.0,237.0,46.0,0.8181818181818182,1.0,0.6951219512195121,0.9186046511627907,0.24338624338624337,44.0,1.0,164.0,258.0,189.0
402,2021-02-17,19,37.0,1.0,118.0,236.0,47.0,0.8409090909090909,1.0,0.7195121951219512,0.9147286821705426,0.24867724867724866,44.0,1.0,164.0,258.0,189.0
403,2021-02-17,20,37.0,1.0,120.0,234.0,62.0,0.8409090909090909,1.0,0.7317073170731707,0.9069767441860465,0.328042328042328,44.0,1.0,164.0,258.0,189.0
404,2021-02-17,21,36.0,1.0,119.0,225.0,69.0,0.8181818181818182,1.0,0.725609756097561,0.872093023255814,0.36507936507936506,44.0,1.0,164.0,258.0,189.0
405,2021-02-17,22,35.0,1.0,120.0,4.0,69.0,0.7954545454545454,1.0,0.7317073170731707,0.015503875968992248,0.36507936507936506,44.0,1.0,164.0,258.0,189.0
406,2021-02-17,23,33.0,1.0,121.0,2.0,70.0,0.75,1.0,0.7378048780487805,0.007751937984496124,0.37037037037037035,44.0,1.0,164.0,258.0,189.0
407,2021-02-17,24,30.0,1.0,122.0,2.0,71.0,0.6818181818181818,1.0,0.7439024390243902,0.007751937984496124,0.37566137566137564,44.0,1.0,164.0,258.0,189.0
408,2021-02-18,1,35.0,1.0,124.0,2.0,69.0,0.7954545454545454,1.0,0.7560975609756098,0.007751937984496124,0.36507936507936506,44.0,1.0,164.0,258.0,189.0
409,2021-02-18,2,33.0,1.0,117.0,2.0,66.0,0.75,1.0,0.7134146341463414,0.007751937984496124,0.3492063492063492,44.0,1.0,164.0,258.0,189.0
410,2021-02-18,3,29.0,1.0,118.0,2.0,61.0,0.6590909090909091,1.0,0.7195121951219512,0.007751937984496124,0.32275132275132273,44.0,1.0,164.0,258.0,189.0
411,2021-02-18,4,30.0,1.0,119.0,2.0,59.0,0.6818181818181818,1.0,0.725609756097561,0.007751937984496124,0.31216931216931215,44.0,1.0,164.0,258.0,189.0
412,2021-02-18,5,29.0,1.0,118.0,2.0,62.0,0.6590909090909091,1.0,0.7195121951219512,0.007751937984496124,0.328042328042328,44.0,1.0,164.0,258.0,189.0
413,2021-02-18,6,29.0,1.0,118.0,2.0,63.0,0.6590909090909091,1.0,0.7195121951219512,0.007751937984496124,0.3333333333333333,44.0,1.0,164.0,258.0,189.0
414,2021-02-18,7,34.0,1.0,117.0,4.0,70.0,0.7727272727272727,1.0,0.7134146341463414,0.015503875968992248,0.37037037037037035,44.0,1.0,164.0,258.0,189.0
415,2021-02-18,8,37.0,1.0,117.0,222.0,70.0,0.8409090909090909,1.0,0.7134146341463414,0.8604651162790697,0.37037037037037035,44.0,1.0,164.0,258.0,189.0
416,2021-02-18,9,38.0,1.0,117.0,231.0,72.0,0.8636363636363636,1.0,0.7134146341463414,0.8953488372093024,0.38095238095238093,44.0,1.0,164.0,258.0,189.0
417,2021-02-18,10,38.0,1.0,115.0,234.0,59.0,0.8636363636363636,1.0,0.7012195121951219,0.9069767441860465,0.31216931216931215,44.0,1.0,164.0,258.0,189.0
418,2021-02-18,11,33.0,1.0,111.0,234.0,55.0,0.75,1.0,0.676829268292683,0.9069767441860465,0.291005291005291,44.0,1.0,164.0,258.0,189.0
419,2021-02-18,12,36.0,1.0,114.0,235.0,55.0,0.8181818181818182,1.0,0.6951219512195121,0.9108527131782945,0.291005291005291,44.0,1.0,164.0,258.0,189.0
420,2021-02-18,13,37.0,1.0,115.0,234.0,51.0,0.8409090909090909,1.0,0.7012195121951219,0.9069767441860465,0.2698412698412698,44.0,1.0,164.0,258.0,189.0
421,2021-02-18,14,38.0,1.0,115.0,237.0,43.0,0.8636363636363636,1.0,0.7012195121951219,0.9186046511627907,0.2275132275132275,44.0,1.0,164.0,258.0,189.0
422,2021-02-18,15,39.0,1.0,115.0,237.0,44.0,0.8863636363636364,1.0,0.7012195121951219,0.9186046511627907,0.2328042328042328,44.0,1.0,164.0,258.0,189.0
423,2021-02-18,16,39.0,1.0,117.0,238.0,44.0,0.8863636363636364,1.0,0.7134146341463414,0.9224806201550387,0.2328042328042328,44.0,1.0,164.0,258.0,189.0
424,2021-02-18,17,39.0,1.0,119.0,239.0,44.0,0.8863636363636364,1.0,0.725609756097561,0.9263565891472868,0.2328042328042328,44.0,1.0,164.0,258.0,189.0
425,2021-02-18,18,39.0,1.0,117.0,238.0,45.0,0.8863636363636364,1.0,0.7134146341463414,0.9224806201550387,0.23809523809523808,44.0,1.0,164.0,258.0,189.0
426,2021-02-18,19,39.0,1.0,119.0,234.0,45.0,0.8863636363636364,1.0,0.725609756097561,0.9069767441860465,0.23809523809523808,44.0,1.0,164.0,258.0,189.0
427,2021-02-18,20,39.0,1.0,119.0,231.0,57.0,0.8863636363636364,1.0,0.725609756097561,0.8953488372093024,0.30158730158730157,44.0,1.0,164.0,258.0,189.0
428,2021-02-18,21,39.0,1.0,121.0,218.0,70.0,0.8863636363636364,1.0,0.7378048780487805,0.8449612403100775,0.37037037037037035,44.0,1.0,164.0,258.0,189.0
429,2021-02-18,22,39.0,1.0,125.0,4.0,73.0,0.8863636363636364,1.0,0.7621951219512195,0.015503875968992248,0.3862433862433862,44.0,1.0,164.0,258.0,189.0
430,2021-02-18,23,38.0,1.0,124.0,2.0,68.0,0.8636363636363636,1.0,0.7560975609756098,0.007751937984496124,0.35978835978835977,44.0,1.0,164.0,258.0,189.0
431,2021-02-18,24,34.0,1.0,125.0,1.0,71.0,0.7727272727272727,1.0,0.7621951219512195,0.003875968992248062,0.37566137566137564,44.0,1.0,164.0,258.0,189.0
432,2021-02-19,1,37.0,1.0,123.0,1.0,72.0,0.8409090909090909,1.0,0.75,0.003875968992248062,0.3829787234042553,44.0,1.0,164.0,258.0,188.0
433,2021-02-19,2,38.0,1.0,120.0,1.0,66.0,0.8636363636363636,1.0,0.7317073170731707,0.003875968992248062,0.35106382978723405,44.0,1.0,164.0,258.0,188.0
434,2021-02-19,3,38.0,1.0,121.0,1.0,64.0,0.8636363636363636,1.0,0.7378048780487805,0.003875968992248062,0.3404255319148936,44.0,1.0,164.0,258.0,188.0
435,2021-02-19,4,38.0,1.0,120.0,1.0,66.0,0.8636363636363636,1.0,0.7317073170731707,0.003875968992248062,0.35106382978723405,44.0,1.0,164.0,258.0,188.0
436,2021-02-19,5,36.0,1.0,119.0,1.0,59.0,0.8181818181818182,1.0,0.725609756097561,0.003875968992248062,0.31382978723404253,44.0,1.0,164.0,258.0,188.0
437,2021-02-19,6,36.0,1.0,118.0,1.0,57.0,0.8181818181818182,1.0,0.7195121951219512,0.003875968992248062,0.30319148936170215,44.0,1.0,164.0,258.0,188.0
438,2021-02-19,7,37.0,1.0,122.0,3.0,60.0,0.8409090909090909,1.0,0.7439024390243902,0.011627906976744186,0.3191489361702128,44.0,1.0,164.0,258.0,188.0
439,2021-02-19,8,37.0,1.0,121.0,224.0,61.0,0.8409090909090909,1.0,0.7378048780487805,0.8682170542635659,0.324468085106383,44.0,1.0,164.0,258.0,188.0
440,2021-02-19,9,37.0,1.0,121.0,231.0,62.0,0.8409090909090909,1.0,0.7378048780487805,0.8953488372093024,0.32978723404255317,44.0,1.0,164.0,258.0,188.0
441,2021-02-19,10,34.0,1.0,118.0,235.0,53.0,0.7727272727272727,1.0,0.7195121951219512,0.9108527131782945,0.28191489361702127,44.0,1.0,164.0,258.0,188.0
442,2021-02-19,11,32.0,1.0,116.0,235.0,52.0,0.7272727272727273,1.0,0.7073170731707317,0.9108527131782945,0.2765957446808511,44.0,1.0,164.0,258.0,188.0
443,2021-02-19,12,34.0,1.0,116.0,235.0,51.0,0.7727272727272727,1.0,0.7073170731707317,0.9108527131782945,0.2712765957446808,44.0,1.0,164.0,258.0,188.0
444,2021-02-19,13,39.0,1.0,116.0,236.0,50.0,0.8863636363636364,1.0,0.7073170731707317,0.9147286821705426,0.26595744680851063,44.0,1.0,164.0,258.0,188.0
445,2021-02-19,14,39.0,1.0,117.0,236.0,49.0,0.8863636363636364,1.0,0.7134146341463414,0.9147286821705426,0.26063829787234044,44.0,1.0,164.0,258.0,188.0
446,2021-02-19,15,38.0,1.0,117.0,236.0,49.0,0.8636363636363636,1.0,0.7134146341463414,0.9147286821705426,0.26063829787234044,44.0,1.0,164.0,258.0,188.0
447,2021-02-19,16,39.0,1.0,119.0,235.0,50.0,0.8863636363636364,1.0,0.725609756097561,0.9108527131782945,0.26595744680851063,44.0,1.0,164.0,258.0,188.0
448,2021-02-19,17,39.0,1.0,118.0,237.0,47.0,0.8863636363636364,1.0,0.7195121951219512,0.9186046511627907,0.25,44.0,1.0,164.0,258.0,188.0
449,2021-02-19,18,38.0,1.0,117.0,236.0,48.0,0.8636363636363636,1.0,0.7134146341463414,0.9147286821705426,0.2553191489361702,44.0,1.0,164.0,258.0,188.0
450,2021-02-19,19,38.0,1.0,119.0,235.0,52.0,0.8636363636363636,1.0,0.725609756097561,0.9108527131782945,0.2765957446808511,44.0,1.0,164.0,258.0,188.0
451,2021-02-19,20,38.0,1.0,121.0,234.0,56.0,0.8636363636363636,1.0,0.7378048780487805,0.9069767441860465,0.2978723404255319,44.0,1.0,164.0,258.0,188.0
452,2021-02-19,21,38.0,1.0,122.0,219.0,59.0,0.8636363636363636,1.0,0.7439024390243902,0.8488372093023255,0.31382978723404253,44.0,1.0,164.0,258.0,188.0
453,2021-02-19,22,38.0,1.0,124.0,4.0,60.0,0.8636363636363636,1.0,0.7560975609756098,0.015503875968992248,0.3191489361702128,44.0,1.0,164.0,258.0,188.0
454,2021-02-19,23,38.0,1.0,124.0,2.0,66.0,0.8636363636363636,1.0,0.7560975609756098,0.007751937984496124,0.35106382978723405,44.0,1.0,164.0,258.0,188.0
455,2021-02-19,24,32.0,1.0,123.0,2.0,67.0,0.7272727272727273,1.0,0.75,0.007751937984496124,0.35638297872340424,44.0,1.0,164.0,258.0,188.0
456,2021-02-20,1,35.0,1.0,124.0,2.0,68.0,0.7777777777777778,1.0,0.7560975609756098,0.007751937984496124,0.35978835978835977,45.0,1.0,164.0,258.0,189.0
457,2021-02-20,2,36.0,1.0,124.0,2.0,63.0,0.8,1.0,0.7560975609756098,0.007751937984496124,0.3333333333333333,45.0,1.0,164.0,258.0,189.0
458,2021-02-20,3,36.0,1.0,124.0,2.0,63.0,0.8,1.0,0.7560975609756098,0.007751937984496124,0.3333333333333333,45.0,1.0,164.0,258.0,189.0
459,2021-02-20,4,36.0,1.0,121.0,3.0,63.0,0.8,1.0,0.7378048780487805,0.011627906976744186,0.3333333333333333,45.0,1.0,164.0,258.0,189.0
460,2021-02-20,5,36.0,1.0,121.0,2.0,63.0,0.8,1.0,0.7378048780487805,0.007751937984496124,0.3333333333333333,45.0,1.0,164.0,258.0,189.0
461,2021-02-20,6,36.0,1.0,123.0,2.0,63.0,0.8,1.0,0.75,0.007751937984496124,0.3333333333333333,45.0,1.0,164.0,258.0,189.0
462,2021-02-20,7,32.0,1.0,124.0,4.0,62.0,0.7111111111111111,1.0,0.7560975609756098,0.015503875968992248,0.328042328042328,45.0,1.0,164.0,258.0,189.0
463,2021-02-20,8,27.0,1.0,123.0,223.0,61.0,0.6,1.0,0.75,0.8643410852713178,0.32275132275132273,45.0,1.0,164.0,258.0,189.0
464,2021-02-20,9,23.0,1.0,120.0,232.0,61.0,0.5111111111111111,1.0,0.7317073170731707,0.8992248062015504,0.32275132275132273,45.0,1.0,164.0,258.0,189.0
465,2021-02-20,10,24.0,1.0,119.0,235.0,50.0,0.5333333333333333,1.0,0.725609756097561,0.9108527131782945,0.26455026455026454,45.0,1.0,164.0,258.0,189.0
466,2021-02-20,11,30.0,1.0,118.0,236.0,48.0,0.6666666666666666,1.0,0.7195121951219512,0.9147286821705426,0.25396825396825395,45.0,1.0,164.0,258.0,189.0
467,2021-02-20,12,34.0,1.0,116.0,236.0,53.0,0.7555555555555555,1.0,0.7073170731707317,0.9147286821705426,0.2804232804232804,45.0,1.0,164.0,258.0,189.0
468,2021-02-20,13,36.0,1.0,117.0,236.0,53.0,0.8,1.0,0.7134146341463414,0.9147286821705426,0.2804232804232804,45.0,1.0,164.0,258.0,189.0
469,2021-02-20,14,36.0,1.0,117.0,236.0,52.0,0.8,1.0,0.7134146341463414,0.9147286821705426,0.2751322751322751,45.0,1.0,164.0,258.0,189.0
470,2021-02-20,15,37.0,1.0,117.0,237.0,53.0,0.8222222222222222,1.0,0.7134146341463414,0.9186046511627907,0.2804232804232804,45.0,1.0,164.0,258.0,189.0
471,2021-02-20,16,34.0,1.0,120.0,237.0,55.0,0.7555555555555555,1.0,0.7317073170731707,0.9186046511627907,0.291005291005291,45.0,1.0,164.0,258.0,189.0
472,2021-02-20,17,34.0,1.0,116.0,238.0,56.0,0.7555555555555555,1.0,0.7073170731707317,0.9224806201550387,0.2962962962962963,45.0,1.0,164.0,258.0,189.0
473,2021-02-20,18,33.0,1.0,115.0,238.0,53.0,0.7333333333333333,1.0,0.7012195121951219,0.9224806201550387,0.2804232804232804,45.0,1.0,164.0,258.0,189.0
474,2021-02-20,19,32.0,1.0,115.0,237.0,54.0,0.7111111111111111,1.0,0.7012195121951219,0.9186046511627907,0.2857142857142857,45.0,1.0,164.0,258.0,189.0
475,2021-02-20,20,32.0,1.0,120.0,235.0,54.0,0.7111111111111111,1.0,0.7317073170731707,0.9108527131782945,0.2857142857142857,45.0,1.0,164.0,258.0,189.0
476,2021-02-20,21,38.0,1.0,123.0,223.0,59.0,0.8444444444444444,1.0,0.75,0.8643410852713178,0.31216931216931215,45.0,1.0,164.0,258.0,189.0
477,2021-02-20,22,38.0,1.0,125.0,4.0,58.0,0.8444444444444444,1.0,0.7621951219512195,0.015503875968992248,0.30687830687830686,45.0,1.0,164.0,258.0,189.0
478,2021-02-20,23,37.0,1.0,124.0,2.0,58.0,0.8222222222222222,1.0,0.7560975609756098,0.007751937984496124,0.30687830687830686,45.0,1.0,164.0,258.0,189.0
479,2021-02-20,24,33.0,1.0,124.0,2.0,55.0,0.7333333333333333,1.0,0.7560975609756098,0.007751937984496124,0.291005291005291,45.0,1.0,164.0,258.0,189.0
480,2021-02-21,1,33.0,1.0,127.0,2.0,52.0,0.7333333333333333,1.0,0.774390243902439,0.007751937984496124,0.2810810810810811,45.0,1.0,164.0,258.0,185.0
481,2021-02-21,2,35.0,1.0,125.0,2.0,49.0,0.7777777777777778,1.0,0.7621951219512195,0.007751937984496124,0.2648648648648649,45.0,1.0,164.0,258.0,185.0
482,2021-02-21,3,35.0,1.0,123.0,2.0,43.0,0.7777777777777778,1.0,0.75,0.007751937984496124,0.23243243243243245,45.0,1.0,164.0,258.0,185.0
483,2021-02-21,4,35.0,1.0,121.0,2.0,44.0,0.7777777777777778,1.0,0.7378048780487805,0.007751937984496124,0.23783783783783785,45.0,1.0,164.0,258.0,185.0
484,2021-02-21,5,33.0,1.0,119.0,2.0,41.0,0.7333333333333333,1.0,0.725609756097561,0.007751937984496124,0.22162162162162163,45.0,1.0,164.0,258.0,185.0
485,2021-02-21,6,34.0,1.0,118.0,2.0,42.0,0.7555555555555555,1.0,0.7195121951219512,0.007751937984496124,0.22702702702702704,45.0,1.0,164.0,258.0,185.0
486,2021-02-21,7,34.0,1.0,119.0,4.0,41.0,0.7555555555555555,1.0,0.725609756097561,0.015503875968992248,0.22162162162162163,45.0,1.0,164.0,258.0,185.0
487,2021-02-21,8,36.0,1.0,120.0,223.0,41.0,0.8,1.0,0.7317073170731707,0.8643410852713178,0.22162162162162163,45.0,1.0,164.0,258.0,185.0
488,2021-02-21,9,36.0,1.0,117.0,236.0,41.0,0.8,1.0,0.7134146341463414,0.9147286821705426,0.22162162162162163,45.0,1.0,164.0,258.0,185.0
489,2021-02-21,10,34.0,1.0,119.0,238.0,40.0,0.7555555555555555,1.0,0.725609756097561,0.9224806201550387,0.21621621621621623,45.0,1.0,164.0,258.0,185.0
490,2021-02-21,11,35.0,1.0,118.0,238.0,38.0,0.7777777777777778,1.0,0.7195121951219512,0.9224806201550387,0.20540540540540542,45.0,1.0,164.0,258.0,185.0
491,2021-02-21,12,34.0,1.0,118.0,239.0,41.0,0.7555555555555555,1.0,0.7195121951219512,0.9263565891472868,0.22162162162162163,45.0,1.0,164.0,258.0,185.0
492,2021-02-21,13,38.0,1.0,118.0,239.0,41.0,0.8444444444444444,1.0,0.7195121951219512,0.9263565891472868,0.22162162162162163,45.0,1.0,164.0,258.0,185.0
493,2021-02-21,14,39.0,1.0,116.0,239.0,41.0,0.8666666666666667,1.0,0.7073170731707317,0.9263565891472868,0.22162162162162163,45.0,1.0,164.0,258.0,185.0
494,2021-02-21,15,39.0,1.0,117.0,239.0,41.0,0.8666666666666667,1.0,0.7134146341463414,0.9263565891472868,0.22162162162162163,45.0,1.0,164.0,258.0,185.0
495,2021-02-21,16,37.0,1.0,117.0,239.0,41.0,0.8222222222222222,1.0,0.7134146341463414,0.9263565891472868,0.22162162162162163,45.0,1.0,164.0,258.0,185.0
496,2021-02-21,17,35.0,1.0,119.0,238.0,44.0,0.7777777777777778,1.0,0.725609756097561,0.9224806201550387,0.23783783783783785,45.0,1.0,164.0,258.0,185.0
497,2021-02-21,18,35.0,1.0,118.0,238.0,44.0,0.7777777777777778,1.0,0.7195121951219512,0.9224806201550387,0.23783783783783785,45.0,1.0,164.0,258.0,185.0
498,2021-02-21,19,39.0,1.0,121.0,236.0,46.0,0.8666666666666667,1.0,0.7378048780487805,0.9147286821705426,0.24864864864864866,45.0,1.0,164.0,258.0,185.0
499,2021-02-21,20,39.0,1.0,121.0,236.0,46.0,0.8666666666666667,1.0,0.7378048780487805,0.9147286821705426,0.24864864864864866,45.0,1.0,164.0,258.0,185.0
500,2021-02-21,21,39.0,1.0,123.0,222.0,47.0,0.8666666666666667,1.0,0.75,0.8604651162790697,0.25405405405405407,45.0,1.0,164.0,258.0,185.0
501,2021-02-21,22,39.0,1.0,125.0,4.0,47.0,0.8666666666666667,1.0,0.7621951219512195,0.015503875968992248,0.25405405405405407,45.0,1.0,164.0,258.0,185.0
502,2021-02-21,23,38.0,1.0,124.0,2.0,44.0,0.8444444444444444,1.0,0.7560975609756098,0.007751937984496124,0.23783783783783785,45.0,1.0,164.0,258.0,185.0
503,2021-02-21,24,36.0,1.0,125.0,2.0,43.0,0.8,1.0,0.7621951219512195,0.007751937984496124,0.23243243243243245,45.0,1.0,164.0,258.0,185.0
504,2021-02-22,1,37.0,1.0,126.0,2.0,42.0,0.8222222222222222,1.0,0.7682926829268293,0.007751937984496124,0.2222222222222222,45.0,1.0,164.0,258.0,189.0
505,2021-02-22,2,38.0,1.0,126.0,2.0,44.0,0.8444444444444444,1.0,0.7682926829268293,0.007751937984496124,0.2328042328042328,45.0,1.0,164.0,258.0,189.0
506,2021-02-22,3,38.0,1.0,124.0,2.0,50.0,0.8444444444444444,1.0,0.7560975609756098,0.007751937984496124,0.26455026455026454,45.0,1.0,164.0,258.0,189.0
507,2021-02-22,4,38.0,1.0,120.0,2.0,54.0,0.8444444444444444,1.0,0.7317073170731707,0.007751937984496124,0.2857142857142857,45.0,1.0,164.0,258.0,189.0
508,2021-02-22,5,38.0,1.0,119.0,2.0,53.0,0.8444444444444444,1.0,0.725609756097561,0.007751937984496124,0.2804232804232804,45.0,1.0,164.0,258.0,189.0
509,2021-02-22,6,34.0,1.0,120.0,2.0,54.0,0.7555555555555555,1.0,0.7317073170731707,0.007751937984496124,0.2857142857142857,45.0,1.0,164.0,258.0,189.0
510,2021-02-22,7,36.0,1.0,120.0,5.0,55.0,0.8,1.0,0.7317073170731707,0.01937984496124031,0.291005291005291,45.0,1.0,164.0,258.0,189.0
511,2021-02-22,8,35.0,1.0,122.0,219.0,56.0,0.7777777777777778,1.0,0.7439024390243902,0.8488372093023255,0.2962962962962963,45.0,1.0,164.0,258.0,189.0
512,2021-02-22,9,34.0,1.0,121.0,231.0,58.0,0.7555555555555555,1.0,0.7378048780487805,0.8953488372093024,0.30687830687830686,45.0,1.0,164.0,258.0,189.0
513,2021-02-22,10,33.0,1.0,120.0,235.0,53.0,0.7333333333333333,1.0,0.7317073170731707,0.9108527131782945,0.2804232804232804,45.0,1.0,164.0,258.0,189.0
514,2021-02-22,11,36.0,1.0,119.0,237.0,49.0,0.8,1.0,0.725609756097561,0.9186046511627907,0.25925925925925924,45.0,1.0,164.0,258.0,189.0
515,2021-02-22,12,36.0,1.0,116.0,237.0,47.0,0.8,1.0,0.7073170731707317,0.9186046511627907,0.24867724867724866,45.0,1.0,164.0,258.0,189.0
516,2021-02-22,13,38.0,1.0,116.0,237.0,46.0,0.8444444444444444,1.0,0.7073170731707317,0.9186046511627907,0.24338624338624337,45.0,1.0,164.0,258.0,189.0
517,2021-02-22,14,39.0,1.0,119.0,237.0,49.0,0.8666666666666667,1.0,0.725609756097561,0.9186046511627907,0.25925925925925924,45.0,1.0,164.0,258.0,189.0
518,2021-02-22,15,38.0,1.0,120.0,237.0,48.0,0.8444444444444444,1.0,0.7317073170731707,0.9186046511627907,0.25396825396825395,45.0,1.0,164.0,258.0,189.0
519,2021-02-22,16,38.0,1.0,122.0,238.0,47.0,0.8444444444444444,1.0,0.7439024390243902,0.9224806201550387,0.24867724867724866,45.0,1.0,164.0,258.0,189.0
520,2021-02-22,17,39.0,1.0,122.0,238.0,48.0,0.8666666666666667,1.0,0.7439024390243902,0.9224806201550387,0.25396825396825395,45.0,1.0,164.0,258.0,189.0
521,2021-02-22,18,39.0,1.0,121.0,238.0,48.0,0.8666666666666667,1.0,0.7378048780487805,0.9224806201550387,0.25396825396825395,45.0,1.0,164.0,258.0,189.0
522,2021-02-22,19,39.0,1.0,119.0,236.0,48.0,0.8666666666666667,1.0,0.725609756097561,0.9147286821705426,0.25396825396825395,45.0,1.0,164.0,258.0,189.0
523,2021-02-22,20,39.0,1.0,120.0,235.0,51.0,0.8666666666666667,1.0,0.7317073170731707,0.9108527131782945,0.2698412698412698,45.0,1.0,164.0,258.0,189.0
524,2021-02-22,21,39.0,1.0,123.0,220.0,54.0,0.8666666666666667,1.0,0.75,0.8527131782945736,0.2857142857142857,45.0,1.0,164.0,258.0,189.0
525,2021-02-22,22,39.0,1.0,125.0,3.0,55.0,0.8666666666666667,1.0,0.7621951219512195,0.011627906976744186,0.291005291005291,45.0,1.0,164.0,258.0,189.0
526,2021-02-22,23,37.0,1.0,122.0,1.0,54.0,0.8222222222222222,1.0,0.7439024390243902,0.003875968992248062,0.2857142857142857,45.0,1.0,164.0,258.0,189.0
527,2021-02-22,24,33.0,1.0,122.0,1.0,51.0,0.7333333333333333,1.0,0.7439024390243902,0.003875968992248062,0.2698412698412698,45.0,1.0,164.0,258.0,189.0
528,2021-02-23,1,36.0,1.0,125.0,2.0,56.0,0.8,1.0,0.7621951219512195,0.007722007722007722,0.2978723404255319,45.0,1.0,164.0,259.0,188.0
529,2021-02-23,2,35.0,1.0,119.0,2.0,56.0,0.7777777777777778,1.0,0.725609756097561,0.007722007722007722,0.2978723404255319,45.0,1.0,164.0,259.0,188.0
530,2021-02-23,3,37.0,1.0,119.0,2.0,52.0,0.8222222222222222,1.0,0.725609756097561,0.007722007722007722,0.2765957446808511,45.0,1.0,164.0,259.0,188.0
531,2021-02-23,4,37.0,1.0,120.0,2.0,47.0,0.8222222222222222,1.0,0.7317073170731707,0.007722007722007722,0.25,45.0,1.0,164.0,259.0,188.0
532,2021-02-23,5,35.0,1.0,118.0,3.0,51.0,0.7777777777777778,1.0,0.7195121951219512,0.011583011583011582,0.2712765957446808,45.0,1.0,164.0,259.0,188.0
533,2021-02-23,6,35.0,1.0,119.0,2.0,54.0,0.7777777777777778,1.0,0.725609756097561,0.007722007722007722,0.2872340425531915,45.0,1.0,164.0,259.0,188.0
534,2021-02-23,7,36.0,1.0,118.0,3.0,55.0,0.8,1.0,0.7195121951219512,0.011583011583011582,0.2925531914893617,45.0,1.0,164.0,259.0,188.0
535,2021-02-23,8,33.0,1.0,120.0,218.0,57.0,0.7333333333333333,1.0,0.7317073170731707,0.8416988416988417,0.30319148936170215,45.0,1.0,164.0,259.0,188.0
536,2021-02-23,9,34.0,1.0,121.0,232.0,58.0,0.7555555555555555,1.0,0.7378048780487805,0.8957528957528957,0.30851063829787234,45.0,1.0,164.0,259.0,188.0
537,2021-02-23,10,29.0,1.0,121.0,236.0,51.0,0.6444444444444445,1.0,0.7378048780487805,0.9111969111969112,0.2712765957446808,45.0,1.0,164.0,259.0,188.0
538,2021-02-23,11,27.0,1.0,119.0,237.0,47.0,0.6,1.0,0.725609756097561,0.915057915057915,0.25,45.0,1.0,164.0,259.0,188.0
539,2021-02-23,12,29.0,1.0,114.0,238.0,47.0,0.6444444444444445,1.0,0.6951219512195121,0.918918918918919,0.25,45.0,1.0,164.0,259.0,188.0
540,2021-02-23,13,33.0,1.0,119.0,238.0,47.0,0.7333333333333333,1.0,0.725609756097561,0.918918918918919,0.25,45.0,1.0,164.0,259.0,188.0
541,2021-02-23,14,38.0,1.0,119.0,238.0,49.0,0.8444444444444444,1.0,0.725609756097561,0.918918918918919,0.26063829787234044,45.0,1.0,164.0,259.0,188.0
542,2021-02-23,15,38.0,1.0,119.0,238.0,49.0,0.8444444444444444,1.0,0.725609756097561,0.918918918918919,0.26063829787234044,45.0,1.0,164.0,259.0,188.0
543,2021-02-23,16,38.0,1.0,116.0,239.0,47.0,0.8444444444444444,1.0,0.7073170731707317,0.9227799227799228,0.25,45.0,1.0,164.0,259.0,188.0
544,2021-02-23,17,39.0,1.0,117.0,239.0,49.0,0.8666666666666667,1.0,0.7134146341463414,0.9227799227799228,0.26063829787234044,45.0,1.0,164.0,259.0,188.0
545,2021-02-23,18,39.0,1.0,116.0,237.0,49.0,0.8666666666666667,1.0,0.7073170731707317,0.915057915057915,0.26063829787234044,45.0,1.0,164.0,259.0,188.0
546,2021-02-23,19,39.0,1.0,116.0,235.0,50.0,0.8666666666666667,1.0,0.7073170731707317,0.9073359073359073,0.26595744680851063,45.0,1.0,164.0,259.0,188.0
547,2021-02-23,20,38.0,1.0,117.0,234.0,56.0,0.8444444444444444,1.0,0.7134146341463414,0.9034749034749034,0.2978723404255319,45.0,1.0,164.0,259.0,188.0
548,2021-02-23,21,39.0,1.0,120.0,219.0,65.0,0.8666666666666667,1.0,0.7317073170731707,0.8455598455598455,0.34574468085106386,45.0,1.0,164.0,259.0,188.0
549,2021-02-23,22,39.0,1.0,121.0,5.0,67.0,0.8666666666666667,1.0,0.7378048780487805,0.019305019305019305,0.35638297872340424,45.0,1.0,164.0,259.0,188.0
550,2021-02-23,23,39.0,1.0,121.0,3.0,58.0,0.8666666666666667,1.0,0.7378048780487805,0.011583011583011582,0.30851063829787234,45.0,1.0,164.0,259.0,188.0
551,2021-02-23,24,38.0,1.0,119.0,2.0,58.0,0.8444444444444444,1.0,0.725609756097561,0.007722007722007722,0.30851063829787234,45.0,1.0,164.0,259.0,188.0
552,2021-02-24,1,38.0,1.0,122.0,2.0,49.0,0.8444444444444444,1.0,0.7439024390243902,0.007722007722007722,0.2648648648648649,45.0,1.0,164.0,259.0,185.0
553,2021-02-24,2,38.0,1.0,119.0,2.0,46.0,0.8444444444444444,1.0,0.725609756097561,0.007722007722007722,0.24864864864864866,45.0,1.0,164.0,259.0,185.0
554,2021-02-24,3,38.0,1.0,118.0,2.0,44.0,0.8444444444444444,1.0,0.7195121951219512,0.007722007722007722,0.23783783783783785,45.0,1.0,164.0,259.0,185.0
555,2021-02-24,4,34.0,1.0,117.0,2.0,41.0,0.7555555555555555,1.0,0.7134146341463414,0.007722007722007722,0.22162162162162163,45.0,1.0,164.0,259.0,185.0
556,2021-02-24,5,30.0,1.0,117.0,2.0,41.0,0.6666666666666666,1.0,0.7134146341463414,0.007722007722007722,0.22162162162162163,45.0,1.0,164.0,259.0,185.0
557,2021-02-24,6,27.0,1.0,117.0,2.0,43.0,0.6,1.0,0.7134146341463414,0.007722007722007722,0.23243243243243245,45.0,1.0,164.0,259.0,185.0
558,2021-02-24,7,24.0,1.0,117.0,3.0,48.0,0.5333333333333333,1.0,0.7134146341463414,0.011583011583011582,0.2594594594594595,45.0,1.0,164.0,259.0,185.0
559,2021-02-24,8,24.0,1.0,121.0,218.0,49.0,0.5333333333333333,1.0,0.7378048780487805,0.8416988416988417,0.2648648648648649,45.0,1.0,164.0,259.0,185.0
560,2021-02-24,9,26.0,1.0,121.0,232.0,48.0,0.5777777777777777,1.0,0.7378048780487805,0.8957528957528957,0.2594594594594595,45.0,1.0,164.0,259.0,185.0
561,2021-02-24,10,27.0,1.0,118.0,234.0,45.0,0.6,1.0,0.7195121951219512,0.9034749034749034,0.24324324324324326,45.0,1.0,164.0,259.0,185.0
562,2021-02-24,11,24.0,1.0,113.0,235.0,44.0,0.5333333333333333,1.0,0.6890243902439024,0.9073359073359073,0.23783783783783785,45.0,1.0,164.0,259.0,185.0
563,2021-02-24,12,27.0,1.0,112.0,239.0,45.0,0.6,1.0,0.6829268292682927,0.9227799227799228,0.24324324324324326,45.0,1.0,164.0,259.0,185.0
564,2021-02-24,13,31.0,1.0,115.0,238.0,45.0,0.6888888888888889,1.0,0.7012195121951219,0.918918918918919,0.24324324324324326,45.0,1.0,164.0,259.0,185.0
565,2021-02-24,14,32.0,1.0,114.0,237.0,47.0,0.7111111111111111,1.0,0.6951219512195121,0.915057915057915,0.25405405405405407,45.0,1.0,164.0,259.0,185.0
566,2021-02-24,15,34.0,1.0,114.0,238.0,49.0,0.7555555555555555,1.0,0.6951219512195121,0.918918918918919,0.2648648648648649,45.0,1.0,164.0,259.0,185.0
567,2021-02-24,16,35.0,1.0,114.0,237.0,53.0,0.7777777777777778,1.0,0.6951219512195121,0.915057915057915,0.2864864864864865,45.0,1.0,164.0,259.0,185.0
568,2021-02-24,17,36.0,1.0,116.0,238.0,53.0,0.8,1.0,0.7073170731707317,0.918918918918919,0.2864864864864865,45.0,1.0,164.0,259.0,185.0
569,2021-02-24,18,38.0,1.0,118.0,237.0,54.0,0.8444444444444444,1.0,0.7195121951219512,0.915057915057915,0.2918918918918919,45.0,1.0,164.0,259.0,185.0
570,2021-02-24,19,37.0,1.0,117.0,233.0,50.0,0.8222222222222222,1.0,0.7134146341463414,0.8996138996138996,0.2702702702702703,45.0,1.0,164.0,259.0,185.0
571,2021-02-24,20,37.0,1.0,115.0,232.0,50.0,0.8222222222222222,1.0,0.7012195121951219,0.8957528957528957,0.2702702702702703,45.0,1.0,164.0,259.0,185.0
572,2021-02-24,21,37.0,1.0,119.0,215.0,56.0,0.8222222222222222,1.0,0.725609756097561,0.8301158301158301,0.3027027027027027,45.0,1.0,164.0,259.0,185.0
573,2021-02-24,22,36.0,1.0,121.0,3.0,57.0,0.8,1.0,0.7378048780487805,0.011583011583011582,0.3081081081081081,45.0,1.0,164.0,259.0,185.0
574,2021-02-24,23,35.0,1.0,121.0,1.0,56.0,0.7777777777777778,1.0,0.7378048780487805,0.003861003861003861,0.3027027027027027,45.0,1.0,164.0,259.0,185.0
575,2021-02-24,24,36.0,1.0,121.0,1.0,53.0,0.8,1.0,0.7378048780487805,0.003861003861003861,0.2864864864864865,45.0,1.0,164.0,259.0,185.0
576,2021-02-25,1,34.0,1.0,119.0,1.0,50.0,0.7555555555555555,1.0,0.725609756097561,0.003861003861003861,0.26737967914438504,45.0,1.0,164.0,259.0,187.0
577,2021-02-25,2,32.0,1.0,119.0,1.0,44.0,0.7111111111111111,1.0,0.725609756097561,0.003861003861003861,0.23529411764705882,45.0,1.0,164.0,259.0,187.0
578,2021-02-25,3,32.0,1.0,119.0,1.0,44.0,0.7111111111111111,1.0,0.725609756097561,0.003861003861003861,0.23529411764705882,45.0,1.0,164.0,259.0,187.0
579,2021-02-25,4,34.0,1.0,116.0,1.0,41.0,0.7555555555555555,1.0,0.7073170731707317,0.003861003861003861,0.2192513368983957,45.0,1.0,164.0,259.0,187.0
580,2021-02-25,5,35.0,1.0,114.0,2.0,41.0,0.7777777777777778,1.0,0.6951219512195121,0.007722007722007722,0.2192513368983957,45.0,1.0,164.0,259.0,187.0
581,2021-02-25,6,33.0,1.0,114.0,1.0,42.0,0.7333333333333333,1.0,0.6951219512195121,0.003861003861003861,0.22459893048128343,45.0,1.0,164.0,259.0,187.0
582,2021-02-25,7,36.0,1.0,114.0,3.0,50.0,0.8,1.0,0.6951219512195121,0.011583011583011582,0.26737967914438504,45.0,1.0,164.0,259.0,187.0
583,2021-02-25,8,33.0,1.0,117.0,205.0,49.0,0.7333333333333333,1.0,0.7134146341463414,0.7915057915057915,0.2620320855614973,45.0,1.0,164.0,259.0,187.0
584,2021-02-25,9,24.0,1.0,116.0,231.0,50.0,0.5333333333333333,1.0,0.7073170731707317,0.8918918918918919,0.26737967914438504,45.0,1.0,164.0,259.0,187.0
585,2021-02-25,10,26.0,1.0,114.0,231.0,48.0,0.5777777777777777,1.0,0.6951219512195121,0.8918918918918919,0.25668449197860965,45.0,1.0,164.0,259.0,187.0
586,2021-02-25,11,28.0,1.0,112.0,234.0,50.0,0.6222222222222222,1.0,0.6829268292682927,0.9034749034749034,0.26737967914438504,45.0,1.0,164.0,259.0,187.0
587,2021-02-25,12,29.0,1.0,113.0,236.0,49.0,0.6444444444444445,1.0,0.6890243902439024,0.9111969111969112,0.2620320855614973,45.0,1.0,164.0,259.0,187.0
588,2021-02-25,13,31.0,1.0,113.0,237.0,49.0,0.6888888888888889,1.0,0.6890243902439024,0.915057915057915,0.2620320855614973,45.0,1.0,164.0,259.0,187.0
589,2021-02-25,14,29.0,1.0,116.0,237.0,48.0,0.6444444444444445,1.0,0.7073170731707317,0.915057915057915,0.25668449197860965,45.0,1.0,164.0,259.0,187.0
590,2021-02-25,15,29.0,1.0,116.0,237.0,51.0,0.6444444444444445,1.0,0.7073170731707317,0.915057915057915,0.2727272727272727,45.0,1.0,164.0,259.0,187.0
591,2021-02-25,16,34.0,1.0,117.0,236.0,51.0,0.7555555555555555,1.0,0.7134146341463414,0.9111969111969112,0.2727272727272727,45.0,1.0,164.0,259.0,187.0
592,2021-02-25,17,36.0,1.0,121.0,234.0,55.0,0.8,1.0,0.7378048780487805,0.9034749034749034,0.29411764705882354,45.0,1.0,164.0,259.0,187.0
593,2021-02-25,18,36.0,1.0,121.0,233.0,56.0,0.8,1.0,0.7378048780487805,0.8996138996138996,0.2994652406417112,45.0,1.0,164.0,259.0,187.0
594,2021-02-25,19,36.0,1.0,122.0,233.0,55.0,0.8,1.0,0.7439024390243902,0.8996138996138996,0.29411764705882354,45.0,1.0,164.0,259.0,187.0
595,2021-02-25,20,37.0,1.0,120.0,230.0,59.0,0.8222222222222222,1.0,0.7317073170731707,0.888030888030888,0.3155080213903743,45.0,1.0,164.0,259.0,187.0
596,2021-02-25,21,37.0,1.0,123.0,215.0,64.0,0.8222222222222222,1.0,0.75,0.8301158301158301,0.3422459893048128,45.0,1.0,164.0,259.0,187.0
597,2021-02-25,22,36.0,1.0,124.0,4.0,62.0,0.8,1.0,0.7560975609756098,0.015444015444015444,0.3315508021390374,45.0,1.0,164.0,259.0,187.0
598,2021-02-25,23,34.0,1.0,124.0,2.0,58.0,0.7555555555555555,1.0,0.7560975609756098,0.007722007722007722,0.31016042780748665,45.0,1.0,164.0,259.0,187.0
599,2021-02-25,24,33.0,1.0,121.0,2.0,58.0,0.7333333333333333,1.0,0.7378048780487805,0.007722007722007722,0.31016042780748665,45.0,1.0,164.0,259.0,187.0
600,2021-02-26,1,35.0,1.0,121.0,2.0,53.0,0.7777777777777778,1.0,0.7378048780487805,0.007722007722007722,0.2864864864864865,45.0,1.0,164.0,259.0,185.0
601,2021-02-26,2,36.0,1.0,120.0,2.0,46.0,0.8,1.0,0.7317073170731707,0.007722007722007722,0.24864864864864866,45.0,1.0,164.0,259.0,185.0
602,2021-02-26,3,36.0,1.0,118.0,2.0,44.0,0.8,1.0,0.7195121951219512,0.007722007722007722,0.23783783783783785,45.0,1.0,164.0,259.0,185.0
603,2021-02-26,4,36.0,1.0,117.0,2.0,44.0,0.8,1.0,0.7134146341463414,0.007722007722007722,0.23783783783783785,45.0,1.0,164.0,259.0,185.0
604,2021-02-26,5,36.0,1.0,116.0,2.0,44.0,0.8,1.0,0.7073170731707317,0.007722007722007722,0.23783783783783785,45.0,1.0,164.0,259.0,185.0
605,2021-02-26,6,30.0,1.0,115.0,2.0,44.0,0.6666666666666666,1.0,0.7012195121951219,0.007722007722007722,0.23783783783783785,45.0,1.0,164.0,259.0,185.0
606,2021-02-26,7,26.0,1.0,117.0,3.0,47.0,0.5777777777777777,1.0,0.7134146341463414,0.011583011583011582,0.25405405405405407,45.0,1.0,164.0,259.0,185.0
607,2021-02-26,8,23.0,1.0,120.0,206.0,47.0,0.5111111111111111,1.0,0.7317073170731707,0.7953667953667953,0.25405405405405407,45.0,1.0,164.0,259.0,185.0
608,2021-02-26,9,22.0,1.0,121.0,233.0,47.0,0.4888888888888889,1.0,0.7378048780487805,0.8996138996138996,0.25405405405405407,45.0,1.0,164.0,259.0,185.0
609,2021-02-26,10,22.0,1.0,114.0,233.0,47.0,0.4888888888888889,1.0,0.6951219512195121,0.8996138996138996,0.25405405405405407,45.0,1.0,164.0,259.0,185.0
610,2021-02-26,11,20.0,1.0,113.0,234.0,47.0,0.4444444444444444,1.0,0.6890243902439024,0.9034749034749034,0.25405405405405407,45.0,1.0,164.0,259.0,185.0
611,2021-02-26,12,19.0,1.0,114.0,235.0,50.0,0.4222222222222222,1.0,0.6951219512195121,0.9073359073359073,0.2702702702702703,45.0,1.0,164.0,259.0,185.0
612,2021-02-26,13,30.0,1.0,114.0,235.0,49.0,0.6666666666666666,1.0,0.6951219512195121,0.9073359073359073,0.2648648648648649,45.0,1.0,164.0,259.0,185.0
613,2021-02-26,14,32.0,1.0,114.0,235.0,48.0,0.7111111111111111,1.0,0.6951219512195121,0.9073359073359073,0.2594594594594595,45.0,1.0,164.0,259.0,185.0
614,2021-02-26,15,38.0,1.0,116.0,235.0,48.0,0.8444444444444444,1.0,0.7073170731707317,0.9073359073359073,0.2594594594594595,45.0,1.0,164.0,259.0,185.0
615,2021-02-26,16,39.0,1.0,115.0,237.0,52.0,0.8666666666666667,1.0,0.7012195121951219,0.915057915057915,0.2810810810810811,45.0,1.0,164.0,259.0,185.0
616,2021-02-26,17,39.0,1.0,117.0,238.0,51.0,0.8666666666666667,1.0,0.7134146341463414,0.918918918918919,0.2756756756756757,45.0,1.0,164.0,259.0,185.0
617,2021-02-26,18,40.0,1.0,116.0,236.0,51.0,0.8888888888888888,1.0,0.7073170731707317,0.9111969111969112,0.2756756756756757,45.0,1.0,164.0,259.0,185.0
618,2021-02-26,19,40.0,1.0,119.0,234.0,51.0,0.8888888888888888,1.0,0.725609756097561,0.9034749034749034,0.2756756756756757,45.0,1.0,164.0,259.0,185.0
619,2021-02-26,20,38.0,1.0,118.0,233.0,51.0,0.8444444444444444,1.0,0.7195121951219512,0.8996138996138996,0.2756756756756757,45.0,1.0,164.0,259.0,185.0
620,2021-02-26,21,37.0,1.0,119.0,212.0,53.0,0.8222222222222222,1.0,0.725609756097561,0.8185328185328186,0.2864864864864865,45.0,1.0,164.0,259.0,185.0
621,2021-02-26,22,36.0,1.0,124.0,5.0,53.0,0.8,1.0,0.7560975609756098,0.019305019305019305,0.2864864864864865,45.0,1.0,164.0,259.0,185.0
622,2021-02-26,23,35.0,1.0,123.0,3.0,53.0,0.7777777777777778,1.0,0.75,0.011583011583011582,0.2864864864864865,45.0,1.0,164.0,259.0,185.0
623,2021-02-26,24,36.0,1.0,121.0,2.0,51.0,0.8,1.0,0.7378048780487805,0.007722007722007722,0.2756756756756757,45.0,1.0,164.0,259.0,185.0
624,2021-02-27,1,37.0,1.0,119.0,2.0,48.0,0.8222222222222222,1.0,0.725609756097561,0.007722007722007722,0.2608695652173913,45.0,1.0,164.0,259.0,184.0
625,2021-02-27,2,39.0,1.0,120.0,2.0,46.0,0.8666666666666667,1.0,0.7317073170731707,0.007722007722007722,0.25,45.0,1.0,164.0,259.0,184.0
626,2021-02-27,3,38.0,1.0,119.0,2.0,43.0,0.8444444444444444,1.0,0.725609756097561,0.007722007722007722,0.23369565217391305,45.0,1.0,164.0,259.0,184.0
627,2021-02-27,4,38.0,1.0,119.0,2.0,42.0,0.8444444444444444,1.0,0.725609756097561,0.007722007722007722,0.22826086956521738,45.0,1.0,164.0,259.0,184.0
628,2021-02-27,5,34.0,1.0,117.0,2.0,42.0,0.7555555555555555,1.0,0.7134146341463414,0.007722007722007722,0.22826086956521738,45.0,1.0,164.0,259.0,184.0
629,2021-02-27,6,31.0,1.0,118.0,2.0,42.0,0.6888888888888889,1.0,0.7195121951219512,0.007722007722007722,0.22826086956521738,45.0,1.0,164.0,259.0,184.0
630,2021-02-27,7,30.0,1.0,122.0,3.0,43.0,0.6666666666666666,1.0,0.7439024390243902,0.011583011583011582,0.23369565217391305,45.0,1.0,164.0,259.0,184.0
631,2021-02-27,8,30.0,1.0,123.0,206.0,42.0,0.6666666666666666,1.0,0.75,0.7953667953667953,0.22826086956521738,45.0,1.0,164.0,259.0,184.0
632,2021-02-27,9,28.0,1.0,120.0,232.0,44.0,0.6222222222222222,1.0,0.7317073170731707,0.8957528957528957,0.2391304347826087,45.0,1.0,164.0,259.0,184.0
633,2021-02-27,10,26.0,1.0,117.0,234.0,44.0,0.5777777777777777,1.0,0.7134146341463414,0.9034749034749034,0.2391304347826087,45.0,1.0,164.0,259.0,184.0
634,2021-02-27,11,31.0,1.0,117.0,235.0,43.0,0.6888888888888889,1.0,0.7134146341463414,0.9073359073359073,0.23369565217391305,45.0,1.0,164.0,259.0,184.0
635,2021-02-27,12,31.0,1.0,117.0,235.0,43.0,0.6888888888888889,1.0,0.7134146341463414,0.9073359073359073,0.23369565217391305,45.0,1.0,164.0,259.0,184.0
636,2021-02-27,13,34.0,1.0,119.0,235.0,42.0,0.7555555555555555,1.0,0.725609756097561,0.9073359073359073,0.22826086956521738,45.0,1.0,164.0,259.0,184.0
637,2021-02-27,14,39.0,1.0,120.0,236.0,43.0,0.8666666666666667,1.0,0.7317073170731707,0.9111969111969112,0.23369565217391305,45.0,1.0,164.0,259.0,184.0
638,2021-02-27,15,39.0,1.0,119.0,234.0,44.0,0.8666666666666667,1.0,0.725609756097561,0.9034749034749034,0.2391304347826087,45.0,1.0,164.0,259.0,184.0
639,2021-02-27,16,40.0,1.0,120.0,234.0,43.0,0.8888888888888888,1.0,0.7317073170731707,0.9034749034749034,0.23369565217391305,45.0,1.0,164.0,259.0,184.0
640,2021-02-27,17,41.0,1.0,120.0,235.0,44.0,0.9111111111111111,1.0,0.7317073170731707,0.9073359073359073,0.2391304347826087,45.0,1.0,164.0,259.0,184.0
641,2021-02-27,18,41.0,1.0,120.0,235.0,44.0,0.9111111111111111,1.0,0.7317073170731707,0.9073359073359073,0.2391304347826087,45.0,1.0,164.0,259.0,184.0
642,2021-02-27,19,40.0,1.0,121.0,233.0,42.0,0.8888888888888888,1.0,0.7378048780487805,0.8996138996138996,0.22826086956521738,45.0,1.0,164.0,259.0,184.0
643,2021-02-27,20,37.0,1.0,120.0,231.0,44.0,0.8222222222222222,1.0,0.7317073170731707,0.8918918918918919,0.2391304347826087,45.0,1.0,164.0,259.0,184.0
644,2021-02-27,21,38.0,1.0,122.0,213.0,48.0,0.8444444444444444,1.0,0.7439024390243902,0.8223938223938224,0.2608695652173913,45.0,1.0,164.0,259.0,184.0
645,2021-02-27,22,38.0,1.0,123.0,3.0,49.0,0.8444444444444444,1.0,0.75,0.011583011583011582,0.266304347826087,45.0,1.0,164.0,259.0,184.0
646,2021-02-27,23,37.0,1.0,121.0,2.0,51.0,0.8222222222222222,1.0,0.7378048780487805,0.007722007722007722,0.27717391304347827,45.0,1.0,164.0,259.0,184.0
647,2021-02-27,24,36.0,1.0,121.0,2.0,48.0,0.8,1.0,0.7378048780487805,0.007722007722007722,0.2608695652173913,45.0,1.0,164.0,259.0,184.0
648,2021-02-28,1,36.0,1.0,122.0,2.0,45.0,0.8,1.0,0.7439024390243902,0.007722007722007722,0.2393617021276596,45.0,1.0,164.0,259.0,188.0
649,2021-02-28,2,34.0,1.0,123.0,2.0,42.0,0.7555555555555555,1.0,0.75,0.007722007722007722,0.22340425531914893,45.0,1.0,164.0,259.0,188.0
650,2021-02-28,3,29.0,1.0,121.0,2.0,41.0,0.6444444444444445,1.0,0.7378048780487805,0.007722007722007722,0.21808510638297873,45.0,1.0,164.0,259.0,188.0
651,2021-02-28,4,34.0,1.0,120.0,2.0,41.0,0.7555555555555555,1.0,0.7317073170731707,0.007722007722007722,0.21808510638297873,45.0,1.0,164.0,259.0,188.0
652,2021-02-28,5,33.0,1.0,118.0,2.0,40.0,0.7333333333333333,1.0,0.7195121951219512,0.007722007722007722,0.2127659574468085,45.0,1.0,164.0,259.0,188.0
653,2021-02-28,6,31.0,1.0,117.0,2.0,39.0,0.6888888888888889,1.0,0.7134146341463414,0.007722007722007722,0.2074468085106383,45.0,1.0,164.0,259.0,188.0
654,2021-02-28,7,29.0,1.0,121.0,3.0,41.0,0.6444444444444445,1.0,0.7378048780487805,0.011583011583011582,0.21808510638297873,45.0,1.0,164.0,259.0,188.0
655,2021-02-28,8,33.0,1.0,121.0,212.0,39.0,0.7333333333333333,1.0,0.7378048780487805,0.8185328185328186,0.2074468085106383,45.0,1.0,164.0,259.0,188.0
656,2021-02-28,9,32.0,1.0,120.0,230.0,39.0,0.7111111111111111,1.0,0.7317073170731707,0.888030888030888,0.2074468085106383,45.0,1.0,164.0,259.0,188.0
657,2021-02-28,10,30.0,1.0,115.0,233.0,41.0,0.6666666666666666,1.0,0.7012195121951219,0.8996138996138996,0.21808510638297873,45.0,1.0,164.0,259.0,188.0
658,2021-02-28,11,27.0,1.0,116.0,232.0,40.0,0.6,1.0,0.7073170731707317,0.8957528957528957,0.2127659574468085,45.0,1.0,164.0,259.0,188.0
659,2021-02-28,12,31.0,1.0,118.0,233.0,40.0,0.6888888888888889,1.0,0.7195121951219512,0.8996138996138996,0.2127659574468085,45.0,1.0,164.0,259.0,188.0
660,2021-02-28,13,30.0,1.0,120.0,234.0,41.0,0.6666666666666666,1.0,0.7317073170731707,0.9034749034749034,0.21808510638297873,45.0,1.0,164.0,259.0,188.0
661,2021-02-28,14,33.0,1.0,120.0,234.0,42.0,0.7333333333333333,1.0,0.7317073170731707,0.9034749034749034,0.22340425531914893,45.0,1.0,164.0,259.0,188.0
662,2021-02-28,15,39.0,1.0,118.0,235.0,45.0,0.8666666666666667,1.0,0.7195121951219512,0.9073359073359073,0.2393617021276596,45.0,1.0,164.0,259.0,188.0
663,2021-02-28,16,36.0,1.0,116.0,236.0,47.0,0.8,1.0,0.7073170731707317,0.9111969111969112,0.25,45.0,1.0,164.0,259.0,188.0
664,2021-02-28,17,34.0,1.0,120.0,236.0,46.0,0.7555555555555555,1.0,0.7317073170731707,0.9111969111969112,0.24468085106382978,45.0,1.0,164.0,259.0,188.0
665,2021-02-28,18,35.0,1.0,121.0,238.0,44.0,0.7777777777777778,1.0,0.7378048780487805,0.918918918918919,0.23404255319148937,45.0,1.0,164.0,259.0,188.0
666,2021-02-28,19,39.0,1.0,119.0,236.0,43.0,0.8666666666666667,1.0,0.725609756097561,0.9111969111969112,0.22872340425531915,45.0,1.0,164.0,259.0,188.0
667,2021-02-28,20,40.0,1.0,122.0,235.0,45.0,0.8888888888888888,1.0,0.7439024390243902,0.9073359073359073,0.2393617021276596,45.0,1.0,164.0,259.0,188.0
668,2021-02-28,21,40.0,1.0,124.0,206.0,59.0,0.8888888888888888,1.0,0.7560975609756098,0.7953667953667953,0.31382978723404253,45.0,1.0,164.0,259.0,188.0
669,2021-02-28,22,39.0,1.0,126.0,4.0,64.0,0.8666666666666667,1.0,0.7682926829268293,0.015444015444015444,0.3404255319148936,45.0,1.0,164.0,259.0,188.0
670,2021-02-28,23,35.0,1.0,124.0,2.0,63.0,0.7777777777777778,1.0,0.7560975609756098,0.007722007722007722,0.3351063829787234,45.0,1.0,164.0,259.0,188.0
671,2021-02-28,24,35.0,1.0,124.0,2.0,58.0,0.7777777777777778,1.0,0.7560975609756098,0.007722007722007722,0.30851063829787234,45.0,1.0,164.0,259.0,188.0
